{
  "type": "FeatureCollection",
  "generator": "overpass-turbo",
  "copyright": "The data included in this document is from www.openstreetmap.org. The data is made available under ODbL.",
  "timestamp": "2026-03-01T07:05:29Z",
  "features": [
    {
      "type": "Feature",
      "properties": {
        "@id": "way/674766913",
        "addr:city": "Chicago",
        "addr:housenumber": "1000",
        "addr:postcode": "60666",
        "addr:state": "IL",
        "addr:street": "O'Hare Drive",
        "level": "-2",
        "name": "O'Hare",
        "network": "CTA",
        "network:wikidata": "Q117309",
        "opening_hours": "24/7",
        "operator": "Chicago Transit Authority",
        "platforms": "2",
        "public_transport": "station",
        "railway": "station",
        "station": "subway",
        "subway": "yes",
        "website": "https://www.transitchicago.com/station/ord/",
        "wheelchair": "yes",
        "wikidata": "Q3032072",
        "wikipedia": "en:O'Hare station"
      },
      "geometry": {
        "type": "Polygon",
        "coordinates": [
          [
            [
              -87.901428,
              41.9792073
            ],
            [
              -87.9013976,
              41.9792332
            ],
            [
              -87.9016026,
              41.979361
            ],
            [
              -87.901632,
              41.979336
            ],
            [
              -87.9033148,
              41.9779412
            ],
            [
              -87.9033595,
              41.977902
            ],
            [
              -87.9033244,
              41.9778788
            ],
            [
              -87.9032452,
              41.9778264
            ],
            [
              -87.9031662,
              41.9777746
            ],
            [
              -87.9031291,
              41.9777502
            ],
            [
              -87.9030851,
              41.9777879
            ],
            [
              -87.901428,
              41.9792073
            ]
          ]
        ]
      },
      "id": "way/674766913"
    },
    {
      "type": "Feature",
      "properties": {
        "@id": "node/252643581",
        "addr:city": "Chicago",
        "addr:housenumber": "1358",
        "addr:postcode": "60626",
        "addr:state": "IL",
        "addr:street": "West Morse Avenue",
        "addr:street:name": "Morse",
        "addr:street:prefix": "West",
        "addr:street:type": "Avenue",
        "name": "Morse",
        "network": "CTA",
        "network:wikidata": "Q117309",
        "opening_hours": "24/7",
        "operator": "Chicago Transit Authority",
        "platforms": "1",
        "public_transport": "station",
        "railway": "station",
        "station": "subway",
        "subway": "yes",
        "website": "https://www.transitchicago.com/station/mors/",
        "wheelchair": "no",
        "wikidata": "Q3324437",
        "wikipedia": "en:Morse station"
      },
      "geometry": {
        "type": "Point",
        "coordinates": [
          -87.6659808,
          42.0082732
        ]
      },
      "id": "node/252643581"
    },
    {
      "type": "Feature",
      "properties": {
        "@id": "node/252643632",
        "addr:city": "Chicago",
        "addr:housenumber": "3940",
        "addr:postcode": "60613",
        "addr:state": "IL",
        "addr:street": "North Sheridan Road",
        "addr:street:name": "Sheridan",
        "addr:street:prefix": "North",
        "addr:street:type": "Road",
        "chicago:building_id": "843356",
        "name": "Sheridan",
        "network": "CTA",
        "network:wikidata": "Q117309",
        "opening_hours": "24/7",
        "operator": "Chicago Transit Authority",
        "platforms": "2",
        "public_transport": "station",
        "railway": "station",
        "station": "subway",
        "subway": "yes",
        "website": "https://www.transitchicago.com/station/sher/",
        "wheelchair": "no",
        "wikidata": "Q3481922",
        "wikipedia": "en:Sheridan station (CTA)"
      },
      "geometry": {
        "type": "Point",
        "coordinates": [
          -87.6552485,
          41.9538893
        ]
      },
      "id": "node/252643632"
    },
    {
      "type": "Feature",
      "properties": {
        "@id": "node/252683058",
        "addr:city": "Chicago",
        "addr:housenumber": "940",
        "addr:postcode": "60613",
        "addr:state": "IL",
        "addr:street": "West Addison Street",
        "chicago:building_id": "174133",
        "name": "Addison",
        "network": "CTA",
        "network:wikidata": "Q117309",
        "opening_hours": "24/7",
        "operator": "Chicago Transit Authority",
        "platforms": "1",
        "public_transport": "station",
        "railway": "station",
        "station": "subway",
        "subway": "yes",
        "website": "https://www.transitchicago.com/station/adre/",
        "wheelchair": "yes",
        "wikidata": "Q265675",
        "wikipedia": "en:Addison station (CTA Red Line)"
      },
      "geometry": {
        "type": "Point",
        "coordinates": [
          -87.6536254,
          41.9475136
        ]
      },
      "id": "node/252683058"
    },
    {
      "type": "Feature",
      "properties": {
        "@id": "node/252683064",
        "addr:city": "Chicago",
        "addr:housenumber": "945",
        "addr:postcode": "60657",
        "addr:state": "IL",
        "addr:street": "West Belmont Avenue",
        "name": "Belmont",
        "network": "CTA",
        "network:wikidata": "Q117309",
        "opening_hours": "24/7",
        "operator": "Chicago Transit Authority",
        "platforms": "2",
        "public_transport": "station",
        "railway": "station",
        "station": "subway",
        "subway": "yes",
        "website": "https://www.transitchicago.com/station/belm/",
        "wheelchair": "yes",
        "wikidata": "Q2895014",
        "wikipedia": "en:Belmont station (CTA North Side Main Line)"
      },
      "geometry": {
        "type": "Point",
        "coordinates": [
          -87.653334,
          41.9397786
        ]
      },
      "id": "node/252683064"
    },
    {
      "type": "Feature",
      "properties": {
        "@id": "node/252683073",
        "addr:city": "Chicago",
        "addr:housenumber": "944",
        "addr:postcode": "60614",
        "addr:state": "IL",
        "addr:street": "West Armitage Avenue",
        "gnis:feature_id": "1826015",
        "name": "Armitage",
        "network": "CTA",
        "network:wikidata": "Q117309",
        "operator": "Chicago Transit Authority",
        "platforms": "2",
        "public_transport": "station",
        "railway": "station",
        "station": "subway",
        "subway": "yes",
        "website": "https://www.transitchicago.com/station/armi/",
        "wheelchair": "yes",
        "wikidata": "Q2862279",
        "wikipedia": "en:Armitage station"
      },
      "geometry": {
        "type": "Point",
        "coordinates": [
          -87.6526308,
          41.9182415
        ]
      },
      "id": "node/252683073"
    },
    {
      "type": "Feature",
      "properties": {
        "@id": "node/258026049",
        "addr:city": "Chicago",
        "addr:housenumber": "430",
        "addr:postcode": "60607",
        "addr:state": "IL",
        "addr:street": "South Halsted Street",
        "name": "UIC-Halsted",
        "network": "CTA",
        "network:wikidata": "Q117309",
        "opening_hours": "24/7",
        "operator": "Chicago Transit Authority",
        "platforms": "1",
        "public_transport": "station",
        "railway": "station",
        "station": "subway",
        "subway": "yes",
        "website": "https://www.transitchicago.com/station/uich/",
        "wheelchair": "yes",
        "wikidata": "Q3547211",
        "wikipedia": "en:UIC–Halsted station"
      },
      "geometry": {
        "type": "Point",
        "coordinates": [
          -87.6496998,
          41.8754875
        ]
      },
      "id": "node/258026049"
    },
    {
      "type": "Feature",
      "properties": {
        "@id": "node/258026055",
        "addr:city": "Chicago",
        "addr:housenumber": "430",
        "addr:postcode": "60607",
        "addr:state": "IL",
        "addr:street": "South Racine Avenue",
        "addr:street:name": "Racine",
        "addr:street:prefix": "South",
        "addr:street:type": "Avenue",
        "chicago:building_id": "363198",
        "name": "Racine",
        "network": "CTA",
        "network:wikidata": "Q117309",
        "opening_hours": "24/7",
        "operator": "Chicago Transit Authority",
        "platforms": "1",
        "public_transport": "station",
        "railway": "station",
        "station": "subway",
        "subway": "yes",
        "website": "https://www.transitchicago.com/station/racn/",
        "wheelchair": "yes",
        "wikidata": "Q3416226",
        "wikipedia": "en:Racine station (CTA Blue Line)"
      },
      "geometry": {
        "type": "Point",
        "coordinates": [
          -87.6593253,
          41.8758947
        ]
      },
      "id": "node/258026055"
    },
    {
      "type": "Feature",
      "properties": {
        "@id": "node/258278032",
        "addr:city": "Chicago",
        "addr:housenumber": "430",
        "addr:postcode": "60612",
        "addr:state": "IL",
        "addr:street": "South Damen Avenue",
        "name": "Illinois Medical District",
        "network": "CTA",
        "network:wikidata": "Q117309",
        "old_name": "Medical Center",
        "opening_hours": "24/7",
        "operator": "Chicago Transit Authority",
        "platforms": "1",
        "public_transport": "station",
        "railway": "station",
        "station": "subway",
        "subway": "yes",
        "website": "https://www.transitchicago.com/station/ilmd/",
        "wheelchair": "yes",
        "wikidata": "Q3148729",
        "wikipedia": "en:Illinois Medical District station"
      },
      "geometry": {
        "type": "Point",
        "coordinates": [
          -87.673256,
          41.8756639
        ]
      },
      "id": "node/258278032"
    },
    {
      "type": "Feature",
      "properties": {
        "@id": "node/258281897",
        "addr:city": "Chicago",
        "addr:housenumber": "426",
        "addr:postcode": "60607",
        "addr:state": "IL",
        "addr:street": "South Clinton Street",
        "level": "-1",
        "name": "Clinton",
        "network": "CTA",
        "network:wikidata": "Q117309",
        "opening_hours": "24/7",
        "operator": "Chicago Transit Authority",
        "platforms": "1",
        "public_transport": "station",
        "railway": "station",
        "station": "subway",
        "subway": "yes",
        "website": "https://www.transitchicago.com/station/clib/",
        "wheelchair": "no",
        "wikidata": "Q2979347",
        "wikipedia": "en:Clinton station (CTA Blue Line)"
      },
      "geometry": {
        "type": "Point",
        "coordinates": [
          -87.6409992,
          41.8755722
        ]
      },
      "id": "node/258281897"
    },
    {
      "type": "Feature",
      "properties": {
        "@id": "node/258281908",
        "addr:city": "Chicago",
        "addr:housenumber": "502",
        "addr:postcode": "60642",
        "addr:state": "IL",
        "addr:street": "North Milwaukee Avenue",
        "level": "-1",
        "name": "Grand",
        "network": "CTA",
        "network:wikidata": "Q117309",
        "opening_hours": "24/7",
        "operator": "Chicago Transit Authority",
        "platforms": "1",
        "public_transport": "station",
        "railway": "station",
        "station": "subway",
        "subway": "yes",
        "website": "https://www.transitchicago.com/station/grbl/",
        "wheelchair": "no",
        "wikidata": "Q3113491",
        "wikipedia": "en:Grand station (CTA Blue Line)"
      },
      "geometry": {
        "type": "Point",
        "coordinates": [
          -87.6478613,
          41.8913772
        ]
      },
      "id": "node/258281908"
    },
    {
      "type": "Feature",
      "properties": {
        "@id": "node/258284110",
        "addr:city": "Chicago",
        "addr:housenumber": "3355",
        "addr:postcode": "60618",
        "addr:state": "IL",
        "addr:street": "West Belmont Avenue",
        "level": "-1",
        "name": "Belmont",
        "network": "CTA",
        "network:wikidata": "Q117309",
        "opening_hours": "24/7",
        "operator": "Chicago Transit Authority",
        "platforms": "1",
        "public_transport": "station",
        "railway": "station",
        "station": "subway",
        "subway": "yes",
        "website": "https://www.transitchicago.com/station/belb/",
        "wheelchair": "no",
        "wikidata": "Q2895020",
        "wikipedia": "en:Belmont station (CTA Blue Line)"
      },
      "geometry": {
        "type": "Point",
        "coordinates": [
          -87.7124596,
          41.9391306
        ]
      },
      "id": "node/258284110"
    },
    {
      "type": "Feature",
      "properties": {
        "@id": "node/258284111",
        "addr:city": "Chicago",
        "addr:housenumber": "2620",
        "addr:postcode": "60647",
        "addr:state": "IL",
        "addr:street": "North Kedzie Avenue",
        "level": "-1",
        "name": "Logan Square",
        "name:etymology:wikidata": "Q954410",
        "name:etymology:wikipedia": "en:John A. Logan",
        "network": "CTA",
        "network:wikidata": "Q117309",
        "opening_hours": "24/7",
        "operator": "Chicago Transit Authority",
        "platforms": "1",
        "public_transport": "station",
        "railway": "station",
        "station": "subway",
        "subway": "yes",
        "website": "https://www.transitchicago.com/station/logs/",
        "wheelchair": "yes",
        "wikidata": "Q3257856",
        "wikipedia": "en:Logan Square station"
      },
      "geometry": {
        "type": "Point",
        "coordinates": [
          -87.7092087,
          41.9301967
        ]
      },
      "id": "node/258284111"
    },
    {
      "type": "Feature",
      "properties": {
        "@id": "node/258294724",
        "addr:city": "Chicago",
        "addr:housenumber": "608",
        "addr:postcode": "60605",
        "addr:state": "IL",
        "addr:street": "South State Street",
        "level": "-1",
        "name": "Harrison",
        "network": "CTA",
        "network:wikidata": "Q117309",
        "opening_hours": "24/7",
        "operator": "Chicago Transit Authority",
        "platforms": "1",
        "public_transport": "station",
        "railway": "station",
        "station": "subway",
        "subway": "yes",
        "website": "https://www.transitchicago.com/station/harr/",
        "wheelchair": "no",
        "wikidata": "Q3127748",
        "wikipedia": "en:Harrison station (CTA)"
      },
      "geometry": {
        "type": "Point",
        "coordinates": [
          -87.6275552,
          41.8731127
        ]
      },
      "id": "node/258294724"
    },
    {
      "type": "Feature",
      "properties": {
        "@id": "node/258296742",
        "addr:city": "Chicago",
        "addr:housenumber": "230",
        "addr:postcode": "60604",
        "addr:state": "IL",
        "addr:street": "South State Street",
        "level": "-1",
        "name": "Jackson",
        "network": "CTA",
        "network:wikidata": "Q117309",
        "opening_hours": "24/7",
        "operator": "Chicago Transit Authority",
        "platforms": "1",
        "public_transport": "station",
        "railway": "station",
        "station": "subway",
        "subway": "yes",
        "website": "https://www.transitchicago.com/station/jacr/",
        "wheelchair": "yes",
        "wikidata": "Q2670059",
        "wikipedia": "en:Jackson station (CTA Red Line)"
      },
      "geometry": {
        "type": "Point",
        "coordinates": [
          -87.627698,
          41.878227
        ]
      },
      "id": "node/258296742"
    },
    {
      "type": "Feature",
      "properties": {
        "@id": "node/258296743",
        "addr:city": "Chicago",
        "addr:housenumber": "26",
        "addr:postcode": "60603",
        "addr:state": "IL",
        "addr:street": "South State Street",
        "layer": "-1",
        "level": "-1",
        "name": "Monroe",
        "network": "CTA",
        "network:wikidata": "Q117309",
        "opening_hours": "24/7",
        "operator": "Chicago Transit Authority",
        "platforms": "1",
        "public_transport": "station",
        "railway": "station",
        "station": "subway",
        "subway": "yes",
        "website": "https://www.transitchicago.com/station/monr/",
        "wheelchair": "no",
        "wikidata": "Q959400",
        "wikipedia": "en:Monroe station (CTA Red Line)"
      },
      "geometry": {
        "type": "Point",
        "coordinates": [
          -87.6277387,
          41.8807789
        ]
      },
      "id": "node/258296743"
    },
    {
      "type": "Feature",
      "properties": {
        "@id": "node/258940051",
        "addr:city": "Chicago",
        "addr:housenumber": "100",
        "addr:postcode": "60606",
        "addr:state": "IL",
        "addr:street": "North Wells Street",
        "name": "Washington/Wells",
        "network": "CTA",
        "network:wikidata": "Q117309",
        "operator": "Chicago Transit Authority",
        "platforms": "2",
        "public_transport": "station",
        "railway": "station",
        "station": "subway",
        "subway": "yes",
        "website": "https://www.transitchicago.com/station/wasw/",
        "wheelchair": "yes",
        "wikidata": "Q3566498",
        "wikipedia": "en:Washington/Wells station"
      },
      "geometry": {
        "type": "Point",
        "coordinates": [
          -87.6338517,
          41.8824096
        ]
      },
      "id": "node/258940051"
    },
    {
      "type": "Feature",
      "properties": {
        "@id": "node/258940052",
        "addr:city": "Chicago",
        "addr:housenumber": "220",
        "addr:postcode": "60606",
        "addr:state": "IL",
        "addr:street": "South Wells Street",
        "name": "Quincy",
        "network": "CTA",
        "network:wikidata": "Q117309",
        "old_name": "Quincy/Wells",
        "operator": "Chicago Transit Authority",
        "platforms": "2",
        "public_transport": "station",
        "railway": "station",
        "station": "subway",
        "subway": "yes",
        "website": "https://www.transitchicago.com/station/quin/",
        "wheelchair": "yes",
        "wikidata": "Q3414534",
        "wikipedia": "en:Quincy station (CTA)"
      },
      "geometry": {
        "type": "Point",
        "coordinates": [
          -87.6337584,
          41.8787419
        ]
      },
      "id": "node/258940052"
    },
    {
      "type": "Feature",
      "properties": {
        "@id": "node/258940056",
        "addr:city": "Chicago",
        "addr:housenumber": "121",
        "addr:postcode": "60605",
        "addr:state": "IL",
        "addr:street": "West Van Buren Street",
        "name": "LaSalle/Van Buren",
        "network": "CTA",
        "network:wikidata": "Q117309",
        "operator": "Chicago Transit Authority",
        "platforms": "2",
        "public_transport": "station",
        "railway": "station",
        "station": "subway",
        "subway": "yes",
        "website": "https://www.transitchicago.com/station/lasv/",
        "wheelchair": "no",
        "wikidata": "Q3206263",
        "wikipedia": "en:LaSalle/Van Buren station"
      },
      "geometry": {
        "type": "Point",
        "coordinates": [
          -87.6313905,
          41.8768826
        ]
      },
      "id": "node/258940056"
    },
    {
      "type": "Feature",
      "properties": {
        "@id": "node/258940057",
        "addr:city": "Chicago",
        "addr:housenumber": "1",
        "addr:postcode": "60605",
        "addr:state": "IL",
        "addr:street": "West Van Buren Street",
        "alt_name": "Library",
        "name": "Harold Washington Library-State/Van Buren",
        "network": "CTA",
        "network:wikidata": "Q117309",
        "old_name": "Library-State/Van Buren",
        "operator": "Chicago Transit Authority",
        "platforms": "2",
        "public_transport": "station",
        "railway": "station",
        "station": "subway",
        "subway": "yes",
        "website": "https://www.transitchicago.com/station/hwlc/",
        "wheelchair": "yes",
        "wikidata": "Q3127657",
        "wikipedia": "en:Harold Washington Library–State/Van Buren station"
      },
      "geometry": {
        "type": "Point",
        "coordinates": [
          -87.6289437,
          41.8769158
        ]
      },
      "id": "node/258940057"
    },
    {
      "type": "Feature",
      "properties": {
        "@id": "node/258940060",
        "addr:city": "Chicago",
        "addr:housenumber": "201",
        "addr:postcode": "60603",
        "addr:state": "IL",
        "addr:street": "South Wabash Avenue",
        "name": "Adams/Wabash",
        "network": "CTA",
        "network:wikidata": "Q117309",
        "operator": "Chicago Transit Authority",
        "platforms": "2",
        "public_transport": "station",
        "railway": "station",
        "station": "subway",
        "subway": "yes",
        "website": "https://www.transitchicago.com/station/adam/",
        "wheelchair": "no",
        "wikidata": "Q2311028"
      },
      "geometry": {
        "type": "Point",
        "coordinates": [
          -87.6261185,
          41.8796269
        ]
      },
      "id": "node/258940060"
    },
    {
      "type": "Feature",
      "properties": {
        "@id": "node/258940066",
        "addr:city": "Chicago",
        "addr:housenumber": "100-124",
        "addr:postcode": "60601",
        "addr:state": "IL",
        "addr:street": "West Lake Street",
        "name": "Clark/Lake",
        "network": "CTA",
        "network:wikidata": "Q117309",
        "opening_hours": "24/7",
        "operator": "Chicago Transit Authority",
        "platforms": "2",
        "public_transport": "station",
        "railway": "station",
        "station": "subway",
        "subway": "yes",
        "website": "https://www.transitchicago.com/station/clkl/",
        "wikidata": "Q601041",
        "wikipedia": "en:Clark/Lake station"
      },
      "geometry": {
        "type": "Point",
        "coordinates": [
          -87.6313842,
          41.8857521
        ]
      },
      "id": "node/258940066"
    },
    {
      "type": "Feature",
      "properties": {
        "@id": "node/258942193",
        "addr:city": "Chicago",
        "addr:housenumber": "540",
        "addr:postcode": "60661",
        "addr:state": "IL",
        "addr:street": "West Lake Street",
        "name": "Clinton",
        "network": "CTA",
        "network:wikidata": "Q117309",
        "operator": "Chicago Transit Authority",
        "platforms": "2",
        "public_transport": "station",
        "railway": "station",
        "station": "subway",
        "subway": "yes",
        "website": "https://www.transitchicago.com/station/clil/",
        "wheelchair": "yes",
        "wikidata": "Q2979346",
        "wikipedia": "en:Clinton station (CTA Green and Pink Lines)"
      },
      "geometry": {
        "type": "Point",
        "coordinates": [
          -87.6413175,
          41.8857215
        ]
      },
      "id": "node/258942193"
    },
    {
      "type": "Feature",
      "properties": {
        "@id": "node/258942196",
        "addr:city": "Chicago",
        "addr:housenumber": "1601",
        "addr:postcode": "60612",
        "addr:state": "IL",
        "addr:street": "West Lake Street",
        "name": "Ashland",
        "network": "CTA",
        "network:wikidata": "Q117309",
        "operator": "Chicago Transit Authority",
        "platforms": "2",
        "public_transport": "station",
        "railway": "station",
        "station": "subway",
        "subway": "yes",
        "website": "https://www.transitchicago.com/station/ashl/",
        "wheelchair": "yes",
        "wikidata": "Q2866523",
        "wikipedia": "en:Ashland station (CTA Green and Pink Lines)"
      },
      "geometry": {
        "type": "Point",
        "coordinates": [
          -87.6662819,
          41.8853413
        ]
      },
      "id": "node/258942196"
    },
    {
      "type": "Feature",
      "properties": {
        "@id": "node/259749423",
        "addr:city": "Chicago",
        "addr:housenumber": "16",
        "addr:postcode": "60616",
        "addr:state": "IL",
        "addr:street": "East 35th Street",
        "colour": "green",
        "name": "35th-Bronzeville-IIT",
        "network": "CTA",
        "network:wikidata": "Q117309",
        "old_name": "Tech-35th",
        "operator": "Chicago Transit Authority",
        "platforms": "1",
        "public_transport": "station",
        "railway": "station",
        "station": "subway",
        "subway": "yes",
        "website": "https://www.transitchicago.com/station/35gr/",
        "wheelchair": "yes",
        "wikidata": "Q2816282",
        "wikipedia": "en:35th–Bronzeville–IIT station"
      },
      "geometry": {
        "type": "Point",
        "coordinates": [
          -87.6258861,
          41.8320387
        ]
      },
      "id": "node/259749423"
    },
    {
      "type": "Feature",
      "properties": {
        "@id": "node/289820702",
        "addr:city": "Chicago",
        "addr:housenumber": "19",
        "addr:postcode": "60602",
        "addr:state": "IL",
        "addr:street": "North Dearborn Street",
        "level": "-1",
        "name": "Washington",
        "network": "CTA",
        "network:wikidata": "Q117309",
        "opening_hours": "24/7",
        "operator": "Chicago Transit Authority",
        "platforms": "1",
        "public_transport": "station",
        "railway": "station",
        "station": "subway",
        "subway": "yes",
        "website": "https://www.transitchicago.com/station/wasb/",
        "wheelchair": "no",
        "wikidata": "Q3566503",
        "wikipedia": "en:Washington station (CTA Blue Line)"
      },
      "geometry": {
        "type": "Point",
        "coordinates": [
          -87.6294604,
          41.8832522
        ]
      },
      "id": "node/289820702"
    },
    {
      "type": "Feature",
      "properties": {
        "@id": "node/289821002",
        "addr:city": "Chicago",
        "addr:housenumber": "114",
        "addr:postcode": "60603",
        "addr:state": "IL",
        "addr:street": "South Dearborn Street",
        "level": "-1",
        "name": "Monroe",
        "network": "CTA",
        "network:wikidata": "Q117309",
        "opening_hours": "24/7",
        "operator": "Chicago Transit Authority",
        "platforms": "1",
        "public_transport": "station",
        "railway": "station",
        "station": "subway",
        "subway": "yes",
        "website": "https://www.transitchicago.com/station/monb/",
        "wheelchair": "no",
        "wikidata": "Q3321303",
        "wikipedia": "en:Monroe station (CTA Blue Line)"
      },
      "geometry": {
        "type": "Point",
        "coordinates": [
          -87.6293863,
          41.8807318
        ]
      },
      "id": "node/289821002"
    },
    {
      "type": "Feature",
      "properties": {
        "@id": "node/289821023",
        "addr:city": "Chicago",
        "addr:housenumber": "328",
        "addr:postcode": "60604",
        "addr:state": "IL",
        "addr:street": "South Dearborn Street",
        "level": "-1",
        "name": "Jackson",
        "network": "CTA",
        "network:wikidata": "Q117309",
        "opening_hours": "24/7",
        "operator": "Chicago Transit Authority",
        "platforms": "1",
        "public_transport": "station",
        "railway": "station",
        "station": "subway",
        "subway": "yes",
        "website": "https://www.transitchicago.com/station/jacb/",
        "wheelchair": "yes",
        "wikidata": "Q6116928",
        "wikipedia": "en:Jackson station (CTA Blue Line)"
      },
      "geometry": {
        "type": "Point",
        "coordinates": [
          -87.6293041,
          41.8781861
        ]
      },
      "id": "node/289821023"
    },
    {
      "type": "Feature",
      "properties": {
        "@id": "node/389151453",
        "addr:city": "Chicago",
        "addr:housenumber": "943",
        "addr:postcode": "60614",
        "addr:state": "IL",
        "addr:street": "West Fullerton Avenue",
        "name": "Fullerton",
        "network": "CTA",
        "network:wikidata": "Q117309",
        "opening_hours": "24/7",
        "operator": "Chicago Transit Authority",
        "platforms": "2",
        "public_transport": "station",
        "railway": "station",
        "station": "subway",
        "subway": "yes",
        "website": "https://www.transitchicago.com/station/full/",
        "wheelchair": "yes",
        "wikidata": "Q3090793",
        "wikipedia": "en:Fullerton station (CTA)"
      },
      "geometry": {
        "type": "Point",
        "coordinates": [
          -87.6528026,
          41.9251961
        ]
      },
      "id": "node/389151453"
    },
    {
      "type": "Feature",
      "properties": {
        "@id": "node/706929554",
        "addr:city": "Chicago",
        "addr:housenumber": "6321",
        "addr:postcode": "60621",
        "addr:state": "IL",
        "addr:street": "South Halsted Street",
        "name": "Halsted",
        "network": "CTA",
        "network:wikidata": "Q117309",
        "operator": "Chicago Transit Authority",
        "platforms": "2",
        "public_transport": "station",
        "railway": "station",
        "station": "subway",
        "subway": "yes",
        "website": "https://www.transitchicago.com/station/halg/",
        "wheelchair": "yes",
        "wikidata": "Q3126219",
        "wikipedia": "en:Halsted station (CTA Green Line)"
      },
      "geometry": {
        "type": "Point",
        "coordinates": [
          -87.6445259,
          41.7790375
        ]
      },
      "id": "node/706929554"
    },
    {
      "type": "Feature",
      "properties": {
        "@id": "node/706934716",
        "addr:city": "Chicago",
        "addr:housenumber": "319",
        "addr:postcode": "60615",
        "addr:state": "IL",
        "addr:street": "East 51st Street",
        "name": "51st",
        "network": "CTA",
        "network:wikidata": "Q117309",
        "operator": "Chicago Transit Authority",
        "platforms": "2",
        "public_transport": "station",
        "railway": "station",
        "station": "subway",
        "subway": "yes",
        "website": "https://www.transitchicago.com/station/51st/",
        "wheelchair": "yes",
        "wikidata": "Q2817438",
        "wikipedia": "en:51st station"
      },
      "geometry": {
        "type": "Point",
        "coordinates": [
          -87.6185232,
          41.8019141
        ]
      },
      "id": "node/706934716"
    },
    {
      "type": "Feature",
      "properties": {
        "@id": "node/706934717",
        "addr:city": "Chicago",
        "addr:housenumber": "314",
        "addr:postcode": "60653",
        "addr:state": "IL",
        "addr:street": "East 47th Street",
        "name": "47th",
        "network": "CTA",
        "network:wikidata": "Q117309",
        "operator": "Chicago Transit Authority",
        "platforms": "2",
        "public_transport": "station",
        "railway": "station",
        "station": "subway",
        "subway": "yes",
        "website": "https://www.transitchicago.com/station/47gr/",
        "wheelchair": "yes",
        "wikidata": "Q2816904",
        "wikipedia": "en:47th station (CTA Green Line)"
      },
      "geometry": {
        "type": "Point",
        "coordinates": [
          -87.6188643,
          41.8093747
        ]
      },
      "id": "node/706934717"
    },
    {
      "type": "Feature",
      "properties": {
        "@id": "node/706934719",
        "addr:city": "Chicago",
        "addr:housenumber": "4003",
        "addr:postcode": "60653",
        "addr:state": "IL",
        "addr:street": "South Indiana Avenue",
        "name": "Indiana",
        "network": "CTA",
        "network:wikidata": "Q117309",
        "operator": "Chicago Transit Authority",
        "platforms": "2",
        "public_transport": "station",
        "railway": "station",
        "station": "subway",
        "subway": "yes",
        "website": "https://www.transitchicago.com/station/indi/",
        "wheelchair": "yes",
        "wikidata": "Q3150103",
        "wikipedia": "en:Indiana station (CTA)"
      },
      "geometry": {
        "type": "Point",
        "coordinates": [
          -87.621299,
          41.8217983
        ]
      },
      "id": "node/706934719"
    },
    {
      "type": "Feature",
      "properties": {
        "@id": "node/734512771",
        "addr:city": "Chicago",
        "addr:housenumber": "1109",
        "addr:postcode": "60640",
        "addr:state": "IL",
        "addr:street": "West Wilson Avenue",
        "name": "Wilson",
        "network": "CTA",
        "network:wikidata": "Q117309",
        "opening_hours": "24/7",
        "operator": "Chicago Transit Authority",
        "platforms": "1",
        "public_transport": "station",
        "railway": "station",
        "station": "subway",
        "subway": "yes",
        "website": "https://www.transitchicago.com/station/wils/",
        "wheelchair": "yes",
        "wikidata": "Q2838851",
        "wikipedia": "en:Wilson station (CTA)"
      },
      "geometry": {
        "type": "Point",
        "coordinates": [
          -87.6579209,
          41.9647782
        ]
      },
      "id": "node/734512771"
    },
    {
      "type": "Feature",
      "properties": {
        "@id": "node/734512775",
        "addr:city": "Chicago",
        "addr:housenumber": "1120",
        "addr:postcode": "60640",
        "addr:state": "IL",
        "addr:street": "West Lawrence Avenue",
        "name": "Lawrence",
        "network": "CTA",
        "opening_hours": "24/7",
        "operator": "Chicago Transit Authority",
        "platforms": "1",
        "public_transport": "station",
        "railway": "station",
        "station": "subway",
        "subway": "yes",
        "website": "https://www.transitchicago.com/station/lawr/",
        "wheelchair": "yes",
        "wikidata": "Q2415676",
        "wikipedia": "en:Lawrence station (CTA)"
      },
      "geometry": {
        "type": "Point",
        "coordinates": [
          -87.6584674,
          41.9693473
        ]
      },
      "id": "node/734512775"
    },
    {
      "type": "Feature",
      "properties": {
        "@id": "node/736035818",
        "addr:city": "Chicago",
        "addr:housenumber": "800",
        "addr:postcode": "60642",
        "addr:state": "IL",
        "addr:street": "North Milwaukee Avenue",
        "level": "-1",
        "name": "Chicago",
        "network": "CTA",
        "network:wikidata": "Q117309",
        "opening_hours": "24/7",
        "operator": "Chicago Transit Authority",
        "platforms": "1",
        "public_transport": "station",
        "railway": "station",
        "station": "subway",
        "subway": "yes",
        "website": "https://www.transitchicago.com/station/chib/",
        "wheelchair": "no",
        "wikidata": "Q2963288",
        "wikipedia": "en:Chicago station (CTA Blue Line)"
      },
      "geometry": {
        "type": "Point",
        "coordinates": [
          -87.6553278,
          41.8962116
        ]
      },
      "id": "node/736035818"
    },
    {
      "type": "Feature",
      "properties": {
        "@id": "node/737746092",
        "addr:city": "Chicago",
        "addr:housenumber": "720",
        "addr:postcode": "60644",
        "addr:state": "IL",
        "addr:street": "South Cicero Avenue",
        "name": "Cicero",
        "network": "CTA",
        "network:wikidata": "Q117309",
        "opening_hours": "24/7",
        "operator": "Chicago Transit Authority",
        "platforms": "1",
        "public_transport": "station",
        "railway": "station",
        "station": "subway",
        "subway": "yes",
        "website": "https://www.transitchicago.com/station/cicf/",
        "wheelchair": "no",
        "wikidata": "Q2972268",
        "wikipedia": "en:Cicero station (CTA Blue Line)"
      },
      "geometry": {
        "type": "Point",
        "coordinates": [
          -87.7469459,
          41.871599
        ]
      },
      "id": "node/737746092"
    },
    {
      "type": "Feature",
      "properties": {
        "@id": "node/853530314",
        "addr:city": "Chicago",
        "addr:housenumber": "150",
        "addr:postcode": "60605",
        "addr:state": "IL",
        "addr:street": "West Ida B. Wells Drive",
        "level": "-1",
        "name": "LaSalle",
        "network": "CTA",
        "network:wikidata": "Q117309",
        "opening_hours": "24/7",
        "operator": "Chicago Transit Authority",
        "platforms": "1",
        "public_transport": "station",
        "railway": "station",
        "station": "subway",
        "subway": "yes",
        "website": "https://www.transitchicago.com/station/lasa/",
        "wheelchair": "no",
        "wikidata": "Q780607",
        "wikipedia": "en:LaSalle station (CTA)"
      },
      "geometry": {
        "type": "Point",
        "coordinates": [
          -87.6312402,
          41.8756145
        ]
      },
      "id": "node/853530314"
    },
    {
      "type": "Feature",
      "properties": {
        "@id": "node/1130096180",
        "addr:city": "Chicago",
        "addr:housenumber": "2211",
        "addr:postcode": "60647",
        "addr:state": "IL",
        "addr:street": "North California Avenue",
        "name": "California",
        "network": "CTA",
        "network:wikidata": "Q117309",
        "opening_hours": "24/7",
        "operator": "Chicago Transit Authority",
        "platforms": "2",
        "public_transport": "station",
        "railway": "station",
        "station": "subway",
        "subway": "yes",
        "website": "https://www.transitchicago.com/station/calb/",
        "wheelchair": "no",
        "wikidata": "Q2933963",
        "wikipedia": "en:California station (CTA Blue Line)"
      },
      "geometry": {
        "type": "Point",
        "coordinates": [
          -87.6969123,
          41.92202
        ]
      },
      "id": "node/1130096180"
    },
    {
      "type": "Feature",
      "properties": {
        "@id": "node/1762400891",
        "addr:city": "Chicago",
        "addr:country": "US",
        "addr:housenumber": "958",
        "addr:postcode": "60607",
        "addr:state": "IL",
        "addr:street": "West Lake Street",
        "name": "Morgan",
        "network": "CTA",
        "network:wikidata": "Q117309",
        "operator": "Chicago Transit Authority",
        "platforms": "2",
        "public_transport": "station",
        "railway": "station",
        "station": "subway",
        "subway": "yes",
        "website": "https://www.transitchicago.com/station/morg/",
        "wheelchair": "yes",
        "wikidata": "Q3323961",
        "wikipedia": "en:Morgan station"
      },
      "geometry": {
        "type": "Point",
        "coordinates": [
          -87.6514744,
          41.8855988
        ]
      },
      "id": "node/1762400891"
    },
    {
      "type": "Feature",
      "properties": {
        "@id": "node/1894018275",
        "addr:city": "Chicago",
        "addr:housenumber": "188",
        "addr:postcode": "60601",
        "addr:state": "IL",
        "addr:street": "North State Street",
        "alt_name": "Lake/Randolph",
        "layer": "-1",
        "level": "-1",
        "name": "Lake",
        "network": "CTA",
        "network:wikidata": "Q117309",
        "old_name": "Lake/Washington",
        "opening_hours": "24/7",
        "operator": "Chicago Transit Authority",
        "platforms": "1",
        "public_transport": "station",
        "railway": "station",
        "source": "Chicago Transit Authority",
        "station": "subway",
        "subway": "yes",
        "website": "https://www.transitchicago.com/station/lake",
        "wheelchair": "yes",
        "wikidata": "Q2656448",
        "wikipedia": "en:Lake station (CTA)"
      },
      "geometry": {
        "type": "Point",
        "coordinates": [
          -87.6278971,
          41.8845265
        ]
      },
      "id": "node/1894018275"
    },
    {
      "type": "Feature",
      "properties": {
        "@id": "node/1894033187",
        "addr:city": "Chicago",
        "addr:housenumber": "800",
        "addr:postcode": "60654",
        "addr:state": "IL",
        "addr:street": "North State Street",
        "alt_name": "Chicago/State",
        "level": "-1",
        "name": "Chicago",
        "network": "CTA",
        "network:wikidata": "Q117309",
        "opening_hours": "24/7",
        "operator": "Chicago Transit Authority",
        "platforms": "2",
        "public_transport": "station",
        "railway": "station",
        "station": "subway",
        "subway": "yes",
        "website": "https://www.transitchicago.com/station/chir",
        "wheelchair": "yes",
        "wikidata": "Q2963284",
        "wikipedia": "en:Chicago station (CTA Red Line)"
      },
      "geometry": {
        "type": "Point",
        "coordinates": [
          -87.6281877,
          41.8966356
        ]
      },
      "id": "node/1894033187"
    },
    {
      "type": "Feature",
      "properties": {
        "@id": "node/1894033196",
        "addr:city": "Chicago",
        "addr:housenumber": "1200",
        "addr:postcode": "60610",
        "addr:state": "IL",
        "addr:street": "North Clark Street",
        "level": "-1",
        "name": "Clark/Division",
        "network": "CTA",
        "network:wikidata": "Q117309",
        "opening_hours": "24/7",
        "operator": "Chicago Transit Authority",
        "platforms": "1",
        "public_transport": "station",
        "railway": "station",
        "station": "subway",
        "subway": "yes",
        "website": "https://www.transitchicago.com/station/cdiv",
        "wheelchair": "yes",
        "wikidata": "Q2975647",
        "wikipedia": "en:Clark/Division station"
      },
      "geometry": {
        "type": "Point",
        "coordinates": [
          -87.6321872,
          41.9039037
        ]
      },
      "id": "node/1894033196"
    },
    {
      "type": "Feature",
      "properties": {
        "@id": "node/2023183680",
        "addr:city": "Chicago",
        "addr:housenumber": "1119",
        "addr:postcode": "60660",
        "addr:state": "IL",
        "addr:street": "West Granville Avenue",
        "addr:street:name": "Granville",
        "addr:street:prefix": "West",
        "addr:street:type": "Avenue",
        "chicago:building_id": "32237",
        "name": "Granville",
        "network": "CTA",
        "network:wikidata": "Q117309",
        "opening_hours": "24/7",
        "operator": "Chicago Transit Authority",
        "platforms": "1",
        "public_transport": "station",
        "railway": "station",
        "station": "subway",
        "subway": "yes",
        "website": "https://www.transitchicago.com/station/gran/",
        "wheelchair": "yes",
        "wikidata": "Q3115442",
        "wikipedia": "en:Granville station (CTA)"
      },
      "geometry": {
        "type": "Point",
        "coordinates": [
          -87.659167,
          41.9937087
        ]
      },
      "id": "node/2023183680"
    },
    {
      "type": "Feature",
      "properties": {
        "@id": "node/2023196501",
        "addr:city": "Chicago",
        "addr:housenumber": "1118",
        "addr:postcode": "60660",
        "addr:state": "IL",
        "addr:street": "West Thorndale Avenue",
        "addr:street:name": "Thorndale",
        "addr:street:prefix": "West",
        "addr:street:type": "Avenue",
        "chicago:building_id": "41755",
        "name": "Thorndale",
        "network": "CTA",
        "network:wikidata": "Q117309",
        "opening_hours": "24/7",
        "operator": "Chicago Transit Authority",
        "platforms": "1",
        "public_transport": "station",
        "railway": "station",
        "station": "subway",
        "subway": "yes",
        "website": "https://www.transitchicago.com/station/thor/",
        "wheelchair": "no",
        "wikidata": "Q280905",
        "wikipedia": "en:Thorndale station (CTA)"
      },
      "geometry": {
        "type": "Point",
        "coordinates": [
          -87.6590577,
          41.9902475
        ]
      },
      "id": "node/2023196501"
    },
    {
      "type": "Feature",
      "properties": {
        "@id": "node/2023202877",
        "addr:city": "Chicago",
        "addr:housenumber": "1116",
        "addr:postcode": "60660",
        "addr:state": "IL",
        "addr:street": "West Bryn Mawr Avenue",
        "addr:street:name": "Bryn Mawr",
        "addr:street:prefix": "West",
        "addr:street:type": "Avenue",
        "chicago:building_id": "56313",
        "name": "Bryn Mawr",
        "network": "CTA",
        "network:wikidata": "Q117309",
        "opening_hours": "24/7",
        "operator": "Chicago Transit Authority",
        "platforms": "1",
        "public_transport": "station",
        "railway": "station",
        "station": "subway",
        "subway": "yes",
        "website": "https://www.transitchicago.com/station/bryn/",
        "wheelchair": "yes",
        "wikidata": "Q2366050",
        "wikipedia": "en:Bryn Mawr station (CTA)"
      },
      "geometry": {
        "type": "Point",
        "coordinates": [
          -87.6588623,
          41.9843401
        ]
      },
      "id": "node/2023202877"
    },
    {
      "type": "Feature",
      "properties": {
        "@id": "node/2023206637",
        "addr:city": "Chicago",
        "addr:housenumber": "1121",
        "addr:postcode": "60640",
        "addr:state": "IL",
        "addr:street": "West Berwyn Avenue",
        "addr:street:name": "Berwyn",
        "addr:street:prefix": "West",
        "addr:street:type": "Avenue",
        "chicago:building_id": "69439",
        "name": "Berwyn",
        "network": "CTA",
        "opening_hours": "24/7",
        "operator": "Chicago Transit Authority",
        "platforms": "1",
        "public_transport": "station",
        "railway": "station",
        "station": "subway",
        "subway": "yes",
        "website": "https://www.transitchicago.com/station/berw/",
        "wheelchair": "yes",
        "wikidata": "Q952265",
        "wikipedia": "en:Berwyn station (CTA)"
      },
      "geometry": {
        "type": "Point",
        "coordinates": [
          -87.6586847,
          41.9782078
        ]
      },
      "id": "node/2023206637"
    },
    {
      "type": "Feature",
      "properties": {
        "@id": "node/2023209951",
        "addr:city": "Chicago",
        "addr:housenumber": "1118",
        "addr:postcode": "60640",
        "addr:state": "IL",
        "addr:street": "West Argyle Street",
        "addr:street:name": "Argyle",
        "addr:street:prefix": "West",
        "addr:street:type": "Street",
        "chicago:building_id": "83315",
        "name": "Argyle",
        "network": "CTA",
        "network:wikidata": "Q117309",
        "opening_hours": "24/7",
        "operator": "Chicago Transit Authority",
        "platforms": "1",
        "public_transport": "station",
        "railway": "station",
        "station": "subway",
        "subway": "yes",
        "website": "https://www.transitchicago.com/station/argy/",
        "wheelchair": "yes",
        "wikidata": "Q2861091",
        "wikipedia": "en:Argyle station (CTA)"
      },
      "geometry": {
        "type": "Point",
        "coordinates": [
          -87.658555,
          41.973396
        ]
      },
      "id": "node/2023209951"
    },
    {
      "type": "Feature",
      "properties": {
        "@id": "node/2023849144",
        "addr:city": "Chicago",
        "addr:housenumber": "15",
        "addr:postcode": "60620",
        "addr:state": "IL",
        "addr:street": "West 79th Street",
        "addr:street:name": "79th",
        "addr:street:prefix": "West",
        "addr:street:type": "Street",
        "chicago:building_id": "614674",
        "name": "79th",
        "network": "CTA",
        "network:wikidata": "Q117309",
        "opening_hours": "24/7",
        "operator": "Chicago Transit Authority",
        "platforms": "1",
        "public_transport": "station",
        "railway": "station",
        "station": "subway",
        "subway": "yes",
        "website": "https://www.transitchicago.com/station/79th/",
        "wheelchair": "yes",
        "wikidata": "Q2818320",
        "wikipedia": "en:79th station"
      },
      "geometry": {
        "type": "Point",
        "coordinates": [
          -87.6251482,
          41.7497696
        ]
      },
      "id": "node/2023849144"
    },
    {
      "type": "Feature",
      "properties": {
        "@id": "node/2023849177",
        "addr:city": "Chicago",
        "addr:housenumber": "15",
        "addr:postcode": "60620",
        "addr:state": "IL",
        "addr:street": "West 87th Street",
        "addr:street:name": "87th",
        "addr:street:prefix": "West",
        "addr:street:type": "Street",
        "chicago:building_id": "667893",
        "name": "87th",
        "network": "CTA",
        "network:wikidata": "Q117309",
        "opening_hours": "24/7",
        "operator": "Chicago Transit Authority",
        "platforms": "1",
        "public_transport": "station",
        "railway": "station",
        "station": "subway",
        "subway": "yes",
        "website": "https://www.transitchicago.com/station/87th/",
        "wheelchair": "yes",
        "wikidata": "Q2818539"
      },
      "geometry": {
        "type": "Point",
        "coordinates": [
          -87.6247522,
          41.735305
        ]
      },
      "id": "node/2023849177"
    },
    {
      "type": "Feature",
      "properties": {
        "@id": "node/2023880687",
        "addr:city": "Chicago",
        "addr:housenumber": "220",
        "addr:postcode": "60621",
        "addr:state": "IL",
        "addr:street": "West 63rd Street",
        "addr:street:name": "63rd",
        "addr:street:prefix": "West",
        "addr:street:type": "Street",
        "building:levels": "2",
        "chicago:building_id": "525764",
        "name": "63rd",
        "network": "CTA",
        "network:wikidata": "Q117309",
        "opening_hours": "24/7",
        "operator": "Chicago Transit Authority",
        "platforms": "1",
        "public_transport": "station",
        "railway": "station",
        "station": "subway",
        "subway": "yes",
        "website": "https://www.transitchicago.com/station/63rd/",
        "wheelchair": "yes",
        "wikidata": "Q2817979",
        "wikipedia": "en:63rd station"
      },
      "geometry": {
        "type": "Point",
        "coordinates": [
          -87.6310188,
          41.7809041
        ]
      },
      "id": "node/2023880687"
    },
    {
      "type": "Feature",
      "properties": {
        "@id": "node/2023880736",
        "addr:city": "Chicago",
        "addr:housenumber": "15",
        "addr:postcode": "60621",
        "addr:state": "IL",
        "addr:street": "West 69th Street",
        "addr:street:name": "69th",
        "addr:street:prefix": "West",
        "addr:street:type": "Street",
        "chicago:building_id": "566923",
        "name": "69th",
        "network": "CTA",
        "network:wikidata": "Q117309",
        "opening_hours": "24/7",
        "operator": "Chicago Transit Authority",
        "platforms": "1",
        "public_transport": "station",
        "railway": "station",
        "station": "subway",
        "subway": "yes",
        "website": "https://www.transitchicago.com/station/69th/",
        "wheelchair": "yes",
        "wikidata": "Q2818065",
        "wikipedia": "en:69th station"
      },
      "geometry": {
        "type": "Point",
        "coordinates": [
          -87.6258019,
          41.7681243
        ]
      },
      "id": "node/2023880736"
    },
    {
      "type": "Feature",
      "properties": {
        "@id": "node/2025084473",
        "addr:city": "Chicago",
        "addr:housenumber": "138",
        "addr:postcode": "60616",
        "addr:state": "IL",
        "addr:street": "West Cermak Road",
        "addr:street:name": "Cermak",
        "addr:street:prefix": "West",
        "addr:street:type": "Road",
        "chicago:building_id": "382797",
        "name": "Cermak-Chinatown",
        "name:zh": "舍麦路华埠",
        "name:zh-Hans": "舍麦路华埠",
        "name:zh-Hant": "舍麥路華埠",
        "network": "CTA",
        "network:wikidata": "Q117309",
        "opening_hours": "24/7",
        "operator": "Chicago Transit Authority",
        "platforms": "1",
        "public_transport": "station",
        "railway": "station",
        "station": "subway",
        "subway": "yes",
        "website": "https://www.transitchicago.com/station/chna/",
        "wheelchair": "yes",
        "wikidata": "Q2946689",
        "wikipedia": "en:Cermak–Chinatown station"
      },
      "geometry": {
        "type": "Point",
        "coordinates": [
          -87.6311761,
          41.8538308
        ]
      },
      "id": "node/2025084473"
    },
    {
      "type": "Feature",
      "properties": {
        "@id": "node/2042812605",
        "addr:city": "Chicago",
        "addr:housenumber": "3200",
        "addr:postcode": "60612",
        "addr:state": "IL",
        "addr:street": "West Lake Street",
        "addr:street:name": "Lake",
        "addr:street:prefix": "W",
        "addr:street:type": "St",
        "name": "Kedzie",
        "network": "CTA",
        "network:wikidata": "Q117309",
        "operator": "Chicago Transit Authority",
        "platforms": "2",
        "public_transport": "station",
        "railway": "station",
        "station": "subway",
        "subway": "yes",
        "website": "https://www.transitchicago.com/station/kedg/",
        "wheelchair": "yes",
        "wikidata": "Q3194609",
        "wikipedia": "en:Kedzie station (CTA Green Line)"
      },
      "geometry": {
        "type": "Point",
        "coordinates": [
          -87.7062325,
          41.8842876
        ]
      },
      "id": "node/2042812605"
    },
    {
      "type": "Feature",
      "properties": {
        "@id": "node/2042959694",
        "addr:city": "Chicago",
        "addr:housenumber": "3631",
        "addr:postcode": "60624",
        "addr:state": "IL",
        "addr:street": "West Lake Street",
        "name": "Conservatory-Central Park Drive",
        "network": "CTA",
        "network:wikidata": "Q117309",
        "operator": "Chicago Transit Authority",
        "platforms": "2",
        "public_transport": "station",
        "railway": "station",
        "short_name": "Conservatory",
        "station": "subway",
        "subway": "yes",
        "website": "https://www.transitchicago.com/station/cons/",
        "wheelchair": "yes",
        "wikidata": "Q2994604",
        "wikipedia": "en:Conservatory–Central Park Drive station"
      },
      "geometry": {
        "type": "Point",
        "coordinates": [
          -87.7168892,
          41.8849779
        ]
      },
      "id": "node/2042959694"
    },
    {
      "type": "Feature",
      "properties": {
        "@id": "node/2042977745",
        "addr:city": "Chicago",
        "addr:housenumber": "4000",
        "addr:postcode": "60624",
        "addr:state": "IL",
        "addr:street": "West Lake Street",
        "chicago:building_id": "353810",
        "name": "Pulaski",
        "network": "CTA",
        "network:wikidata": "Q117309",
        "operator": "Chicago Transit Authority",
        "platforms": "2",
        "public_transport": "station",
        "railway": "station",
        "station": "subway",
        "subway": "yes",
        "website": "https://www.transitchicago.com/station/pulg/",
        "wikidata": "Q3410726",
        "wikipedia": "en:Pulaski station (CTA Green Line)"
      },
      "geometry": {
        "type": "Point",
        "coordinates": [
          -87.7261097,
          41.8854937
        ]
      },
      "id": "node/2042977745"
    },
    {
      "type": "Feature",
      "properties": {
        "@id": "node/2043012982",
        "addr:city": "Chicago",
        "addr:housenumber": "4800",
        "addr:postcode": "60644",
        "addr:state": "IL",
        "addr:street": "West Lake Street",
        "name": "Cicero",
        "network": "CTA",
        "network:wikidata": "Q117309",
        "operator": "Chicago Transit Authority",
        "platforms": "1",
        "public_transport": "station",
        "railway": "station",
        "station": "subway",
        "subway": "yes",
        "website": "https://www.transitchicago.com/station/cicg/",
        "wheelchair": "yes",
        "wikidata": "Q2972270",
        "wikipedia": "en:Cicero station (CTA Green Line)"
      },
      "geometry": {
        "type": "Point",
        "coordinates": [
          -87.7451325,
          41.8865719
        ]
      },
      "id": "node/2043012982"
    },
    {
      "type": "Feature",
      "properties": {
        "@id": "node/2043044695",
        "addr:city": "Chicago",
        "addr:housenumber": "5148",
        "addr:postcode": "60644",
        "addr:state": "IL",
        "addr:street": "West Lake Street",
        "addr:street:name": "Lake",
        "addr:street:prefix": "West",
        "addr:street:type": "Street",
        "chicago:building_id": "352564",
        "name": "Laramie",
        "network": "CTA",
        "network:wikidata": "Q117309",
        "operator": "Chicago Transit Authority",
        "platforms": "2",
        "public_transport": "station",
        "railway": "station",
        "station": "subway",
        "subway": "yes",
        "website": "https://www.transitchicago.com/station/lara/",
        "wheelchair": "yes",
        "wikidata": "Q3217830",
        "wikipedia": "en:Laramie station (CTA Green Line)"
      },
      "geometry": {
        "type": "Point",
        "coordinates": [
          -87.7553478,
          41.887196
        ]
      },
      "id": "node/2043044695"
    },
    {
      "type": "Feature",
      "properties": {
        "@id": "node/2080150506",
        "addr:city": "Chicago",
        "addr:housenumber": "1710",
        "addr:postcode": "60608",
        "addr:state": "IL",
        "addr:street": "West 18th Street",
        "internet_access": "no",
        "name": "18th",
        "network": "CTA",
        "network:wikidata": "Q117309",
        "operator": "Chicago Transit Authority",
        "platforms": "2",
        "public_transport": "station",
        "railway": "station",
        "start_date": "1896-04-28",
        "station": "subway",
        "subway": "yes",
        "website": "https://www.transitchicago.com/station/18th/",
        "wheelchair": "yes",
        "wikidata": "Q2810937",
        "wikimedia_commons": "Category:18th (CTA)",
        "wikipedia": "en:18th station"
      },
      "geometry": {
        "type": "Point",
        "coordinates": [
          -87.6691951,
          41.8578877
        ]
      },
      "id": "node/2080150506"
    },
    {
      "type": "Feature",
      "properties": {
        "@id": "node/2088620947",
        "addr:city": "Chicago",
        "addr:housenumber": "5800",
        "addr:postcode": "60631",
        "addr:state": "IL",
        "addr:street": "North Cumberland Avenue",
        "name": "Cumberland",
        "network": "CTA",
        "network:wikidata": "Q117309",
        "opening_hours": "24/7",
        "operator": "Chicago Transit Authority",
        "platforms": "1",
        "public_transport": "station",
        "railway": "station",
        "station": "subway",
        "subway": "yes",
        "website": "https://www.transitchicago.com/station/cumb/",
        "wheelchair": "yes",
        "wikidata": "Q3007516",
        "wikipedia": "en:Cumberland station (CTA)"
      },
      "geometry": {
        "type": "Point",
        "coordinates": [
          -87.8378516,
          41.9843119
        ]
      },
      "id": "node/2088620947"
    },
    {
      "type": "Feature",
      "properties": {
        "@id": "node/2088630556",
        "addr:city": "Chicago",
        "addr:housenumber": "5550",
        "addr:postcode": "60656",
        "addr:state": "IL",
        "addr:street": "North Harlem Avenue",
        "alt_name": "Harlem & Higgins",
        "name": "Harlem",
        "network": "CTA",
        "network:wikidata": "Q117309",
        "opening_hours": "24/7",
        "operator": "Chicago Transit Authority",
        "platforms": "1",
        "public_transport": "station",
        "railway": "station",
        "station": "subway",
        "subway": "yes",
        "website": "https://www.transitchicago.com/station/haro/",
        "wheelchair": "yes",
        "wikidata": "Q3127472",
        "wikipedia": "en:Harlem station (CTA Blue Line O'Hare branch)"
      },
      "geometry": {
        "type": "Point",
        "coordinates": [
          -87.8088359,
          41.9823273
        ]
      },
      "id": "node/2088630556"
    },
    {
      "type": "Feature",
      "properties": {
        "@id": "node/2088638857",
        "addr:city": "Chicago",
        "addr:housenumber": "4917",
        "addr:postcode": "60630",
        "addr:state": "IL",
        "addr:street": "North Milwaukee Avenue",
        "name": "Jefferson Park",
        "name:etymology:wikidata": "Q11812",
        "name:etymology:wikipedia": "en:Thomas Jefferson",
        "network": "CTA",
        "network:wikidata": "Q117309",
        "opening_hours": "24/7",
        "operator": "Chicago Transit Authority",
        "platforms": "1",
        "public_transport": "station",
        "railway": "station",
        "station": "subway",
        "subway": "yes",
        "website": "https://www.transitchicago.com/station/jrpk/",
        "wheelchair": "yes",
        "wikidata": "Q3176657",
        "wikipedia": "en:Jefferson Park Transit Center"
      },
      "geometry": {
        "type": "Point",
        "coordinates": [
          -87.760826,
          41.9706399
        ]
      },
      "id": "node/2088638857"
    },
    {
      "type": "Feature",
      "properties": {
        "@id": "node/2088645408",
        "addr:city": "Chicago",
        "addr:housenumber": "4600",
        "addr:postcode": "60641",
        "addr:state": "IL",
        "addr:street": "West Montrose Avenue",
        "name": "Montrose",
        "network": "CTA",
        "network:wikidata": "Q117309",
        "opening_hours": "24/7",
        "operator": "Chicago Transit Authority",
        "platforms": "1",
        "public_transport": "station",
        "railway": "station",
        "station": "subway",
        "subway": "yes",
        "website": "https://www.transitchicago.com/station/monk/",
        "wheelchair": "no",
        "wikidata": "Q3322966",
        "wikipedia": "en:Montrose station (CTA Blue Line)"
      },
      "geometry": {
        "type": "Point",
        "coordinates": [
          -87.7436448,
          41.9614911
        ]
      },
      "id": "node/2088645408"
    },
    {
      "type": "Feature",
      "properties": {
        "@id": "node/2090176565",
        "addr:city": "Chicago",
        "addr:housenumber": "1588",
        "addr:postcode": "60622",
        "addr:state": "IL",
        "addr:street": "North Damen Avenue",
        "addr:street:name": "Damen",
        "addr:street:prefix": "North",
        "addr:street:type": "Avenue",
        "name": "Damen",
        "network": "CTA",
        "network:wikidata": "Q117309",
        "opening_hours": "24/7",
        "operator": "Chicago Transit Authority",
        "platforms": "2",
        "public_transport": "station",
        "railway": "station",
        "station": "subway",
        "subway": "yes",
        "website": "https://www.transitchicago.com/station/damo/",
        "wheelchair": "no",
        "wikidata": "Q3012677",
        "wikipedia": "en:Damen station (CTA Blue Line)"
      },
      "geometry": {
        "type": "Point",
        "coordinates": [
          -87.6776068,
          41.9098403
        ]
      },
      "id": "node/2090176565"
    },
    {
      "type": "Feature",
      "properties": {
        "@id": "node/2090182932",
        "addr:city": "Chicago",
        "addr:housenumber": "1909-1911",
        "addr:postcode": "60647",
        "addr:state": "IL",
        "addr:street": "North Western Avenue",
        "name": "Western",
        "network": "CTA",
        "network:wikidata": "Q117309",
        "opening_hours": "24/7",
        "operator": "Chicago Transit Authority",
        "platforms": "2",
        "public_transport": "station",
        "railway": "station",
        "station": "subway",
        "subway": "yes",
        "website": "https://www.transitchicago.com/station/wesm/",
        "wheelchair": "yes",
        "wikidata": "Q3567468",
        "wikipedia": "en:Western station (CTA Blue Line O'Hare branch)"
      },
      "geometry": {
        "type": "Point",
        "coordinates": [
          -87.6868675,
          41.915892
        ]
      },
      "id": "node/2090182932"
    },
    {
      "type": "Feature",
      "properties": {
        "@id": "node/2090194444",
        "addr:city": "Chicago",
        "addr:housenumber": "530",
        "addr:postcode": "60624",
        "addr:state": "IL",
        "addr:street": "South Kedzie Avenue",
        "name": "Kedzie-Homan",
        "network": "CTA",
        "network:wikidata": "Q117309",
        "opening_hours": "24/7",
        "operator": "Chicago Transit Authority",
        "platforms": "1",
        "public_transport": "station",
        "railway": "station",
        "station": "subway",
        "subway": "yes",
        "website": "https://www.transitchicago.com/station/kedh/",
        "wheelchair": "yes",
        "wikidata": "Q3194605",
        "wikipedia": "en:Kedzie–Homan station"
      },
      "geometry": {
        "type": "Point",
        "coordinates": [
          -87.7084286,
          41.8741351
        ]
      },
      "id": "node/2090194444"
    },
    {
      "type": "Feature",
      "properties": {
        "@id": "node/2090194452",
        "addr:city": "Chicago",
        "addr:housenumber": "530",
        "addr:postcode": "60624",
        "addr:state": "IL",
        "addr:street": "South Pulaski Road",
        "name": "Pulaski",
        "network": "CTA",
        "network:wikidata": "Q117309",
        "opening_hours": "24/7",
        "operator": "Chicago Transit Authority",
        "platforms": "1",
        "public_transport": "station",
        "railway": "station",
        "station": "subway",
        "subway": "yes",
        "website": "https://www.transitchicago.com/station/pulf/",
        "wheelchair": "no",
        "wikidata": "Q3410720",
        "wikipedia": "en:Pulaski station (CTA Blue Line)"
      },
      "geometry": {
        "type": "Point",
        "coordinates": [
          -87.7278948,
          41.873879
        ]
      },
      "id": "node/2090194452"
    },
    {
      "type": "Feature",
      "properties": {
        "@id": "node/2166678698",
        "addr:city": "Chicago",
        "addr:housenumber": "1523",
        "addr:postcode": "60626",
        "addr:state": "IL",
        "addr:street": "West Jarvis Avenue",
        "addr:street:name": "Jarvis",
        "addr:street:prefix": "West",
        "addr:street:type": "Avenue",
        "name": "Jarvis",
        "network": "CTA",
        "network:wikidata": "Q117309",
        "opening_hours": "24/7",
        "operator": "Chicago Transit Authority",
        "platforms": "1",
        "public_transport": "station",
        "railway": "station",
        "station": "subway",
        "subway": "yes",
        "website": "https://www.transitchicago.com/station/jarv/",
        "wheelchair": "no",
        "wikidata": "Q3162813",
        "wikipedia": "en:Jarvis station"
      },
      "geometry": {
        "type": "Point",
        "coordinates": [
          -87.6691272,
          42.0158747
        ]
      },
      "id": "node/2166678698"
    },
    {
      "type": "Feature",
      "properties": {
        "@id": "node/2389096816",
        "addr:city": "Chicago",
        "addr:housenumber": "1200",
        "addr:postcode": "60622",
        "addr:state": "IL",
        "addr:street": "North Ashland Avenue",
        "level": "-1",
        "name": "Division",
        "network": "CTA",
        "network:wikidata": "Q117309",
        "opening_hours": "24/7",
        "operator": "Chicago Transit Authority",
        "platforms": "1",
        "public_transport": "station",
        "railway": "station",
        "station": "subway",
        "subway": "yes",
        "website": "https://www.transitchicago.com/station/divi/",
        "wheelchair": "no",
        "wikidata": "Q3032329",
        "wikipedia": "en:Division station (CTA Blue Line)"
      },
      "geometry": {
        "type": "Point",
        "coordinates": [
          -87.6676962,
          41.9038081
        ]
      },
      "id": "node/2389096816"
    },
    {
      "type": "Feature",
      "properties": {
        "@id": "node/3211876637",
        "addr:city": "Chicago",
        "addr:housenumber": "2800",
        "addr:postcode": "60612",
        "addr:state": "IL",
        "addr:street": "West Lake Street",
        "addr:street:name": "Lake",
        "addr:street:prefix": "W",
        "addr:street:type": "St",
        "name": "California",
        "network": "CTA",
        "network:wikidata": "Q117309",
        "operator": "Chicago Transit Authority",
        "platforms": "2",
        "public_transport": "station",
        "railway": "station",
        "station": "subway",
        "subway": "yes",
        "website": "https://www.transitchicago.com/station/calg/",
        "wheelchair": "yes",
        "wikidata": "Q2933969",
        "wikipedia": "en:California station (CTA Green Line)"
      },
      "geometry": {
        "type": "Point",
        "coordinates": [
          -87.6964047,
          41.8842639
        ]
      },
      "id": "node/3211876637"
    },
    {
      "type": "Feature",
      "properties": {
        "@id": "node/3219617154",
        "addr:city": "Chicago",
        "addr:housenumber": "1167",
        "addr:postcode": "60605",
        "addr:state": "IL",
        "addr:street": "South State Street",
        "addr:street:name": "State",
        "addr:street:prefix": "S",
        "addr:street:type": "St",
        "alt_name": "Roosevelt/State",
        "level": "-1",
        "name": "Roosevelt",
        "network": "CTA",
        "network:wikidata": "Q117309",
        "opening_hours": "24/7",
        "operator": "Chicago Transit Authority",
        "platforms": "1",
        "public_transport": "station",
        "railway": "station",
        "station": "subway",
        "subway": "yes",
        "website": "https://www.transitchicago.com/station/roos/",
        "wheelchair": "yes",
        "wikidata": "Q3441899",
        "wikipedia": "en:Roosevelt station (CTA)"
      },
      "geometry": {
        "type": "Point",
        "coordinates": [
          -87.6274392,
          41.8677076
        ]
      },
      "id": "node/3219617154"
    },
    {
      "type": "Feature",
      "properties": {
        "@id": "node/3341016000",
        "addr:city": "Chicago",
        "addr:housenumber": "12",
        "addr:postcode": "60616",
        "addr:state": "IL",
        "addr:street": "East Cermak Road",
        "addr:street:name": "Cermak",
        "addr:street:type": "Road",
        "name": "Cermak-McCormick Place",
        "network": "CTA",
        "network:wikidata": "Q117309",
        "old_name": "Cermak",
        "operator": "Chicago Transit Authority",
        "platforms": "1",
        "public_transport": "station",
        "railway": "station",
        "station": "subway",
        "subway": "yes",
        "website": "https://www.transitchicago.com/station/crmc/",
        "wheelchair": "yes",
        "wikidata": "Q5064515",
        "wikipedia": "en:Cermak–McCormick Place station"
      },
      "geometry": {
        "type": "Point",
        "coordinates": [
          -87.6264217,
          41.852635
        ]
      },
      "id": "node/3341016000"
    },
    {
      "type": "Feature",
      "properties": {
        "@id": "node/4060906740",
        "addr:city": "Chicago",
        "addr:housenumber": "7519",
        "addr:postcode": "60626",
        "addr:state": "IL",
        "addr:street": "North Paulina Street",
        "name": "Howard",
        "network": "CTA",
        "network:wikidata": "Q117309",
        "opening_hours": "24/7",
        "operator": "Chicago Transit Authority",
        "platforms": "2",
        "public_transport": "station",
        "railway": "station",
        "station": "subway",
        "subway": "yes",
        "website": "https://www.transitchicago.com/station/hwrd/",
        "wheelchair": "yes",
        "wikidata": "Q3031716",
        "wikipedia": "en:Howard station (CTA)"
      },
      "geometry": {
        "type": "Point",
        "coordinates": [
          -87.6730069,
          42.0191272
        ]
      },
      "id": "node/4060906740"
    },
    {
      "type": "Feature",
      "properties": {
        "@id": "node/4060919450",
        "addr:city": "Chicago",
        "addr:housenumber": "4648",
        "addr:postcode": "60625",
        "addr:state": "IL",
        "addr:street": "North Francisco Avenue",
        "name": "Francisco",
        "network": "CTA",
        "network:wikidata": "Q117309",
        "operator": "Chicago Transit Authority",
        "platforms": "1",
        "public_transport": "station",
        "railway": "station",
        "station": "subway",
        "subway": "yes",
        "website": "https://www.transitchicago.com/station/fran/",
        "wheelchair": "yes",
        "wikidata": "Q3081776",
        "wikipedia": "en:Francisco station"
      },
      "geometry": {
        "type": "Point",
        "coordinates": [
          -87.7024359,
          41.966152
        ]
      },
      "id": "node/4060919450"
    },
    {
      "type": "Feature",
      "properties": {
        "@id": "node/4060919451",
        "addr:city": "Chicago",
        "addr:housenumber": "4648",
        "addr:postcode": "60625",
        "addr:state": "IL",
        "addr:street": "North Kedzie Avenue",
        "name": "Kedzie",
        "network": "CTA",
        "network:wikidata": "Q117309",
        "operator": "Chicago Transit Authority",
        "platforms": "1",
        "public_transport": "station",
        "railway": "station",
        "station": "subway",
        "subway": "yes",
        "website": "https://www.transitchicago.com/station/kedb/",
        "wheelchair": "yes",
        "wikidata": "Q3194604",
        "wikipedia": "en:Kedzie station (CTA Brown Line)"
      },
      "geometry": {
        "type": "Point",
        "coordinates": [
          -87.7097349,
          41.9660924
        ]
      },
      "id": "node/4060919451"
    },
    {
      "type": "Feature",
      "properties": {
        "@id": "node/4060919452",
        "addr:city": "Chicago",
        "addr:housenumber": "4755",
        "addr:postcode": "60625",
        "addr:state": "IL",
        "addr:street": "North Kimball Avenue",
        "name": "Kimball",
        "network": "CTA",
        "network:wikidata": "Q117309",
        "operator": "Chicago Transit Authority",
        "platforms": "2",
        "public_transport": "station",
        "railway": "station",
        "station": "subway",
        "subway": "yes",
        "website": "https://www.transitchicago.com/station/kmbl/",
        "wikidata": "Q3031699",
        "wikipedia": "en:Kimball station"
      },
      "geometry": {
        "type": "Point",
        "coordinates": [
          -87.7131572,
          41.9675974
        ]
      },
      "id": "node/4060919452"
    },
    {
      "type": "Feature",
      "properties": {
        "@id": "node/4060919453",
        "addr:city": "Chicago",
        "addr:housenumber": "4648",
        "addr:postcode": "60625",
        "addr:state": "IL",
        "addr:street": "North Rockwell Street",
        "name": "Rockwell",
        "network": "CTA",
        "network:wikidata": "Q117309",
        "operator": "Chicago Transit Authority",
        "platforms": "1",
        "public_transport": "station",
        "railway": "station",
        "station": "subway",
        "subway": "yes",
        "website": "https://www.transitchicago.com/station/rock/",
        "wheelchair": "yes",
        "wikidata": "Q3438011",
        "wikipedia": "en:Rockwell station"
      },
      "geometry": {
        "type": "Point",
        "coordinates": [
          -87.6944936,
          41.9662193
        ]
      },
      "id": "node/4060919453"
    },
    {
      "type": "Feature",
      "properties": {
        "@id": "node/4060919454",
        "addr:city": "Chicago",
        "addr:housenumber": "4648",
        "addr:postcode": "60625",
        "addr:state": "IL",
        "addr:street": "North Western Avenue",
        "name": "Western",
        "network": "CTA",
        "network:wikidata": "Q117309",
        "operator": "Chicago Transit Authority",
        "platforms": "2",
        "public_transport": "station",
        "railway": "station",
        "station": "subway",
        "subway": "yes",
        "website": "https://www.transitchicago.com/station/wesb/",
        "wheelchair": "yes",
        "wikidata": "Q3567469",
        "wikipedia": "en:Western station (CTA Brown Line)"
      },
      "geometry": {
        "type": "Point",
        "coordinates": [
          -87.68839,
          41.9662785
        ]
      },
      "id": "node/4060919454"
    },
    {
      "type": "Feature",
      "properties": {
        "@id": "node/4139536496",
        "addr:city": "Chicago",
        "addr:housenumber": "220",
        "addr:postcode": "60609",
        "addr:state": "IL",
        "addr:street": "West 47th Street",
        "name": "47th",
        "network": "CTA",
        "network:wikidata": "Q117309",
        "opening_hours": "24/7",
        "operator": "Chicago Transit Authority",
        "platforms": "1",
        "public_transport": "station",
        "railway": "station",
        "station": "subway",
        "subway": "yes",
        "website": "https://www.transitchicago.com/station/47re/",
        "wheelchair": "yes",
        "wikidata": "Q2816905",
        "wikipedia": "en:47th station (CTA Red Line)"
      },
      "geometry": {
        "type": "Point",
        "coordinates": [
          -87.6310206,
          41.8103854
        ]
      },
      "id": "node/4139536496"
    },
    {
      "type": "Feature",
      "properties": {
        "@id": "node/4697817170",
        "addr:city": "Chicago",
        "addr:housenumber": "3410",
        "addr:postcode": "60657",
        "addr:state": "IL",
        "addr:street": "North Lincoln Avenue",
        "name": "Paulina",
        "network": "CTA",
        "network:wikidata": "Q117309",
        "operator": "Chicago Transit Authority",
        "platforms": "2",
        "public_transport": "station",
        "railway": "station",
        "station": "subway",
        "subway": "yes",
        "website": "https://www.transitchicago.com/station/paul/",
        "wheelchair": "yes",
        "wikidata": "Q3372690",
        "wikipedia": "en:Paulina station"
      },
      "geometry": {
        "type": "Point",
        "coordinates": [
          -87.6708731,
          41.9437252
        ]
      },
      "id": "node/4697817170"
    },
    {
      "type": "Feature",
      "properties": {
        "@id": "node/5091005359",
        "addr:city": "Chicago",
        "addr:housenumber": "29",
        "addr:postcode": "60602",
        "addr:state": "IL",
        "addr:street": "North Wabash Avenue",
        "name": "Washington/Wabash",
        "network": "CTA",
        "network:wikidata": "Q117309",
        "operator": "Chicago Transit Authority",
        "platforms": "2",
        "public_transport": "station",
        "railway": "station",
        "source": "http://www.transitchicago.com/travel_information/alert_detail.aspx?AlertId=42851",
        "station": "subway",
        "subway": "yes",
        "website": "https://www.transitchicago.com/station/wawa/",
        "wheelchair": "yes",
        "wikidata": "Q7971635",
        "wikimedia_commons": "Category:Washington/Wabash_station",
        "wikipedia": "en:Washington/Wabash station"
      },
      "geometry": {
        "type": "Point",
        "coordinates": [
          -87.6262113,
          41.8825121
        ]
      },
      "id": "node/5091005359"
    },
    {
      "type": "Feature",
      "properties": {
        "@id": "node/5346246731",
        "addr:city": "Chicago",
        "addr:housenumber": "220",
        "addr:postcode": "60609",
        "addr:state": "IL",
        "addr:street": "West Garfield Boulevard",
        "name": "Garfield",
        "network": "CTA",
        "network:wikidata": "Q117309",
        "opening_hours": "24/7",
        "operator": "Chicago Transit Authority",
        "public_transport": "station",
        "railway": "station",
        "station": "subway",
        "subway": "yes",
        "website": "https://www.transitchicago.com/station/garr/",
        "wikidata": "Q975026",
        "wikipedia": "en:Garfield station (CTA Red Line)"
      },
      "geometry": {
        "type": "Point",
        "coordinates": [
          -87.6312046,
          41.79571
        ]
      },
      "id": "node/5346246731"
    },
    {
      "type": "Feature",
      "properties": {
        "@id": "node/5349571275",
        "addr:city": "Chicago",
        "addr:housenumber": "300",
        "addr:postcode": "60654",
        "addr:state": "IL",
        "addr:street": "West Chicago Avenue",
        "alt_name": "Chicago/Franklin",
        "name": "Chicago",
        "network": "CTA",
        "network:wikidata": "Q117309",
        "operator": "Chicago Transit Authority",
        "platforms": "2",
        "public_transport": "station",
        "railway": "station",
        "station": "subway",
        "subway": "yes",
        "website": "https://www.transitchicago.com/station/chif/",
        "wheelchair": "yes",
        "wikidata": "Q2963286",
        "wikipedia": "en:Chicago station (CTA Brown and Purple Lines)"
      },
      "geometry": {
        "type": "Point",
        "coordinates": [
          -87.6356943,
          41.8958413
        ]
      },
      "id": "node/5349571275"
    },
    {
      "type": "Feature",
      "properties": {
        "@id": "node/5349574577",
        "addr:city": "Chicago",
        "addr:housenumber": "350",
        "addr:postcode": "60654",
        "addr:state": "IL",
        "addr:street": "North Wells Street",
        "name": "Merchandise Mart",
        "network": "CTA",
        "network:wikidata": "Q117309",
        "operator": "Chicago Transit Authority",
        "platforms": "2",
        "public_transport": "station",
        "railway": "station",
        "station": "subway",
        "subway": "yes",
        "website": "https://www.transitchicago.com/station/mart",
        "wheelchair": "yes",
        "wikidata": "Q3306331",
        "wikipedia": "en:Merchandise Mart station"
      },
      "geometry": {
        "type": "Point",
        "coordinates": [
          -87.6340039,
          41.8888417
        ]
      },
      "id": "node/5349574577"
    },
    {
      "type": "Feature",
      "properties": {
        "@id": "node/5745254805",
        "addr:city": "Chicago",
        "addr:housenumber": "2520",
        "addr:postcode": "60608",
        "addr:state": "IL",
        "addr:street": "South Archer Avenue",
        "name": "Halsted",
        "name:zh": "豪斯特路",
        "network": "CTA",
        "network:wikidata": "Q117309",
        "operator": "Chicago Transit Authority",
        "platforms": "1",
        "public_transport": "station",
        "railway": "station",
        "station": "subway",
        "subway": "yes",
        "website": "https://www.transitchicago.com/station/halo/",
        "wheelchair": "yes",
        "wikidata": "Q679514",
        "wikipedia": "en:Halsted station (CTA Orange Line)"
      },
      "geometry": {
        "type": "Point",
        "coordinates": [
          -87.6481686,
          41.846892
        ]
      },
      "id": "node/5745254805"
    },
    {
      "type": "Feature",
      "properties": {
        "@id": "node/5745254807",
        "addr:city": "Chicago",
        "addr:housenumber": "3011",
        "addr:postcode": "60608",
        "addr:state": "IL",
        "addr:street": "South Ashland Avenue",
        "name": "Ashland",
        "network": "CTA",
        "network:wikidata": "Q117309",
        "operator": "Chicago Transit Authority",
        "platforms": "1",
        "public_transport": "station",
        "railway": "station",
        "station": "subway",
        "subway": "yes",
        "website": "https://www.transitchicago.com/station/asho/",
        "wheelchair": "yes",
        "wikidata": "Q2866524",
        "wikipedia": "en:Ashland station (CTA Orange Line)"
      },
      "geometry": {
        "type": "Point",
        "coordinates": [
          -87.6653266,
          41.8393459
        ]
      },
      "id": "node/5745254807"
    },
    {
      "type": "Feature",
      "properties": {
        "@id": "node/5756693179",
        "addr:city": "Chicago",
        "addr:housenumber": "1944",
        "addr:postcode": "60623",
        "addr:state": "IL",
        "addr:street": "South Kedzie Avenue",
        "name": "Kedzie",
        "network": "CTA",
        "network:wikidata": "Q117309",
        "operator": "Chicago Transit Authority",
        "platforms": "1",
        "public_transport": "station",
        "railway": "station",
        "station": "subway",
        "subway": "yes",
        "website": "https://www.transitchicago.com/station/kedp/",
        "wikidata": "Q3194608",
        "wikipedia": "en:Kedzie station (CTA Pink Line)"
      },
      "geometry": {
        "type": "Point",
        "coordinates": [
          -87.705637,
          41.8541304
        ]
      },
      "id": "node/5756693179"
    },
    {
      "type": "Feature",
      "properties": {
        "@id": "node/6371391669",
        "addr:city": "Chicago",
        "addr:housenumber": "3622",
        "addr:postcode": "60618",
        "addr:state": "IL",
        "addr:street": "West Addison Street",
        "name": "Addison",
        "network": "CTA",
        "network:wikidata": "Q117309",
        "opening_hours": "24/7",
        "operator": "Chicago Transit Authority",
        "public_transport": "station",
        "railway": "station",
        "station": "subway",
        "subway": "yes",
        "website": "https://www.transitchicago.com/station/adbl/",
        "wikidata": "Q2824152",
        "wikipedia": "en:Addison station (CTA Blue Line)"
      },
      "geometry": {
        "type": "Point",
        "coordinates": [
          -87.7190061,
          41.9472819
        ]
      },
      "id": "node/6371391669"
    },
    {
      "type": "Feature",
      "properties": {
        "@id": "node/6371391670",
        "addr:city": "Chicago",
        "addr:housenumber": "4131",
        "addr:postcode": "60641",
        "addr:state": "IL",
        "addr:street": "West Irving Park Road",
        "name": "Irving Park",
        "network": "CTA",
        "network:wikidata": "Q117309",
        "opening_hours": "24/7",
        "operator": "Chicago Transit Authority",
        "public_transport": "station",
        "railway": "station",
        "station": "subway",
        "subway": "yes",
        "website": "https://www.transitchicago.com/station/irvo/",
        "wikidata": "Q3154618",
        "wikipedia": "en:Irving Park station (CTA Blue Line)"
      },
      "geometry": {
        "type": "Point",
        "coordinates": [
          -87.728959,
          41.9528212
        ]
      },
      "id": "node/6371391670"
    },
    {
      "type": "Feature",
      "properties": {
        "@id": "node/6509194108",
        "addr:city": "Chicago",
        "addr:housenumber": "22",
        "addr:postcode": "60605",
        "addr:state": "IL",
        "addr:street": "East Roosevelt Road",
        "addr:street:name": "Roosevelt",
        "addr:street:prefix": "E",
        "addr:street:type": "Rd",
        "alt_name": "Roosvelt/Wabash",
        "name": "Roosevelt",
        "network": "CTA",
        "network:wikidata": "Q117309",
        "operator": "Chicago Transit Authority",
        "platforms": "1",
        "public_transport": "station",
        "railway": "station",
        "station": "subway",
        "subway": "yes",
        "website": "https://www.transitchicago.com/station/roos/",
        "wheelchair": "yes",
        "wikidata": "Q3441899",
        "wikipedia": "en:Roosevelt station (CTA)"
      },
      "geometry": {
        "type": "Point",
        "coordinates": [
          -87.6266528,
          41.8674355
        ]
      },
      "id": "node/6509194108"
    },
    {
      "type": "Feature",
      "properties": {
        "@id": "node/6939681043",
        "addr:city": "Chicago",
        "addr:housenumber": "521",
        "addr:postcode": "60654",
        "addr:state": "IL",
        "addr:street": "North State Street",
        "alt_name": "Grand/State",
        "level": "-1",
        "name": "Grand",
        "network": "CTA",
        "network:wikidata": "Q117309",
        "opening_hours": "24/7",
        "operator": "Chicago Transit Authority",
        "platforms": "2",
        "public_transport": "station",
        "railway": "station",
        "station": "subway",
        "subway": "yes",
        "website": "https://www.transitchicago.com/station/grre",
        "wikidata": "Q3113492",
        "wikipedia": "en:Grand station (CTA Red Line)"
      },
      "geometry": {
        "type": "Point",
        "coordinates": [
          -87.6280919,
          41.892027
        ]
      },
      "id": "node/6939681043"
    },
    {
      "type": "Feature",
      "properties": {
        "@id": "node/7686073813",
        "addr:city": "Chicago",
        "addr:housenumber": "4900",
        "addr:postcode": "60632",
        "addr:state": "IL",
        "addr:street": "South Kedzie Avenue",
        "addr:street:name": "Kedzie",
        "addr:street:prefix": "South",
        "addr:street:type": "Avenue",
        "name": "Kedzie",
        "network": "CTA",
        "network:wikidata": "Q117309",
        "operator": "Chicago Transit Authority",
        "platforms": "1",
        "public_transport": "station",
        "railway": "station",
        "station": "subway",
        "subway": "yes",
        "website": "https://www.transitchicago.com/station/kedo/",
        "wheelchair": "yes",
        "wikidata": "Q3194606",
        "wikipedia": "en:Kedzie station (CTA Orange Line)"
      },
      "geometry": {
        "type": "Point",
        "coordinates": [
          -87.7043569,
          41.8043549
        ]
      },
      "id": "node/7686073813"
    },
    {
      "type": "Feature",
      "properties": {
        "@id": "node/7758205844",
        "addr:city": "Chicago",
        "addr:housenumber": "400",
        "addr:postcode": "60637",
        "addr:state": "IL",
        "addr:street": "East 63rd Street",
        "name": "King Drive",
        "network": "CTA",
        "network:wikidata": "Q117309",
        "note": "Inbound Boarding Only",
        "old_name": "South Park Avenue",
        "operator": "Chicago Transit Authority",
        "platforms": "2",
        "public_transport": "station",
        "railway": "station",
        "station": "subway",
        "subway": "yes",
        "website": "https://www.transitchicago.com/station/king/",
        "wheelchair": "yes",
        "wikidata": "Q3197002",
        "wikipedia": "en:King Drive station"
      },
      "geometry": {
        "type": "Point",
        "coordinates": [
          -87.6156119,
          41.7802453
        ]
      },
      "id": "node/7758205844"
    },
    {
      "type": "Feature",
      "properties": {
        "@id": "node/7758205845",
        "addr:city": "Chicago",
        "addr:housenumber": "800",
        "addr:postcode": "60637",
        "addr:state": "IL",
        "addr:street": "East 63rd Street",
        "addr:street:name": "63rd",
        "addr:street:prefix": "East",
        "addr:street:type": "Street",
        "name": "Cottage Grove",
        "network": "CTA",
        "network:wikidata": "Q117309",
        "old_name": "East 63rd-Cottage Grove",
        "operator": "Chicago Transit Authority",
        "platforms": "2",
        "public_transport": "station",
        "railway": "station",
        "station": "subway",
        "subway": "yes",
        "website": "https://www.transitchicago.com/station/cott/",
        "wheelchair": "yes",
        "wikidata": "Q2998600",
        "wikipedia": "en:Cottage Grove station"
      },
      "geometry": {
        "type": "Point",
        "coordinates": [
          -87.6059877,
          41.7804151
        ]
      },
      "id": "node/7758205845"
    },
    {
      "type": "Feature",
      "properties": {
        "@id": "node/7758205846",
        "addr:city": "Chicago",
        "addr:housenumber": "6315",
        "addr:postcode": "60636",
        "addr:state": "IL",
        "addr:street": "South Ashland Avenue",
        "addr:street:name": "Ashland",
        "addr:street:prefix": "South",
        "addr:street:type": "Avenue",
        "name": "Ashland/63rd",
        "network": "CTA",
        "network:wikidata": "Q117309",
        "operator": "Chicago Transit Authority",
        "phone": "+1 773 436 2519",
        "public_transport": "station",
        "railway": "station",
        "station": "subway",
        "subway": "yes",
        "website": "https://www.transitchicago.com/station/63as/",
        "wheelchair": "yes",
        "wikidata": "Q2866525",
        "wikipedia": "en:Ashland/63rd station"
      },
      "geometry": {
        "type": "Point",
        "coordinates": [
          -87.6641132,
          41.7789474
        ]
      },
      "id": "node/7758205846"
    },
    {
      "type": "Feature",
      "properties": {
        "@id": "node/7758205847",
        "addr:city": "Chicago",
        "addr:housenumber": "320",
        "addr:postcode": "60615",
        "addr:state": "IL",
        "addr:street": "East Garfield Boulevard",
        "name": "Garfield",
        "network": "CTA",
        "network:wikidata": "Q117309",
        "operator": "Chicago Transit Authority",
        "platforms": "2",
        "public_transport": "station",
        "railway": "station",
        "station": "subway",
        "subway": "yes",
        "website": "https://www.transitchicago.com/station/garg/",
        "wheelchair": "yes",
        "wikidata": "Q259349",
        "wikipedia": "en:Garfield station (CTA Green Line)"
      },
      "geometry": {
        "type": "Point",
        "coordinates": [
          -87.6183299,
          41.7949554
        ]
      },
      "id": "node/7758205847"
    },
    {
      "type": "Feature",
      "properties": {
        "@id": "node/7758205848",
        "addr:city": "Chicago",
        "addr:housenumber": "314",
        "addr:postcode": "60653",
        "addr:state": "IL",
        "addr:street": "East 43rd Street",
        "addr:street:name": "43rd",
        "addr:street:prefix": "East",
        "addr:street:type": "Street",
        "name": "43rd",
        "network": "CTA",
        "network:wikidata": "Q117309",
        "operator": "Chicago Transit Authority",
        "platforms": "2",
        "public_transport": "station",
        "railway": "station",
        "station": "subway",
        "subway": "yes",
        "website": "https://www.transitchicago.com/station/43rd/",
        "wheelchair": "yes",
        "wikidata": "Q2816829",
        "wikipedia": "en:43rd station"
      },
      "geometry": {
        "type": "Point",
        "coordinates": [
          -87.6190527,
          41.8167421
        ]
      },
      "id": "node/7758205848"
    },
    {
      "type": "Feature",
      "properties": {
        "@id": "node/7758205849",
        "addr:city": "Chicago",
        "addr:housenumber": "142",
        "addr:postcode": "60616",
        "addr:state": "IL",
        "addr:street": "West 35th Street",
        "addr:street:name": "35th",
        "addr:street:prefix": "West",
        "addr:street:type": "Street",
        "name": "Sox-35th",
        "network": "CTA",
        "network:wikidata": "Q117309",
        "opening_hours": "24/7",
        "operator": "Chicago Transit Authority",
        "platforms": "1",
        "public_transport": "station",
        "railway": "station",
        "station": "subway",
        "subway": "yes",
        "website": "https://www.transitchicago.com/station/sox/",
        "wheelchair": "yes",
        "wikidata": "Q3492485",
        "wikipedia": "en:Sox–35th station"
      },
      "geometry": {
        "type": "Point",
        "coordinates": [
          -87.6307006,
          41.8327586
        ]
      },
      "id": "node/7758205849"
    },
    {
      "type": "Feature",
      "properties": {
        "@id": "node/7758297004",
        "addr:city": "Chicago",
        "addr:housenumber": "3528",
        "addr:postcode": "60609",
        "addr:state": "IL",
        "addr:street": "South Leavitt Street",
        "name": "35th/Archer",
        "network": "CTA",
        "network:wikidata": "Q117309",
        "operator": "Chicago Transit Authority",
        "platforms": "1",
        "public_transport": "station",
        "railway": "station",
        "station": "subway",
        "subway": "yes",
        "website": "https://www.transitchicago.com/station/35or/",
        "wheelchair": "yes",
        "wikidata": "Q2816283",
        "wikipedia": "en:35th/Archer station"
      },
      "geometry": {
        "type": "Point",
        "coordinates": [
          -87.6807437,
          41.8294357
        ]
      },
      "id": "node/7758297004"
    },
    {
      "type": "Feature",
      "properties": {
        "@id": "node/7758297005",
        "addr:city": "Chicago",
        "addr:housenumber": "4901",
        "addr:postcode": "60609",
        "addr:state": "IL",
        "addr:street": "South Western Boulevard",
        "addr:street:name": "Western",
        "addr:street:prefix": "South",
        "addr:street:type": "Boulevard",
        "name": "Western",
        "network": "CTA",
        "network:wikidata": "Q117309",
        "operator": "Chicago Transit Authority",
        "platforms": "1",
        "public_transport": "station",
        "railway": "station",
        "station": "subway",
        "subway": "yes",
        "website": "https://www.transitchicago.com/station/weso/",
        "wheelchair": "yes",
        "wikidata": "Q3567470",
        "wikipedia": "en:Western station (CTA Orange Line)"
      },
      "geometry": {
        "type": "Point",
        "coordinates": [
          -87.6843501,
          41.8046817
        ]
      },
      "id": "node/7758297005"
    },
    {
      "type": "Feature",
      "properties": {
        "@id": "node/7758297006",
        "addr:city": "Chicago",
        "addr:housenumber": "5106",
        "addr:postcode": "60632",
        "addr:state": "IL",
        "addr:street": "South Pulaski Road",
        "name": "Pulaski",
        "network": "CTA",
        "network:wikidata": "Q117309",
        "operator": "Chicago Transit Authority",
        "platforms": "1",
        "public_transport": "station",
        "railway": "station",
        "station": "subway",
        "subway": "yes",
        "website": "https://www.transitchicago.com/station/pulo/",
        "wheelchair": "yes",
        "wikidata": "Q2367981",
        "wikipedia": "en:Pulaski station (CTA Orange Line)"
      },
      "geometry": {
        "type": "Point",
        "coordinates": [
          -87.724539,
          41.7998745
        ]
      },
      "id": "node/7758297006"
    },
    {
      "type": "Feature",
      "properties": {
        "@id": "node/7758297007",
        "addr:city": "Chicago",
        "addr:housenumber": "4612",
        "addr:postcode": "60638",
        "addr:state": "IL",
        "addr:street": "West 59th Street",
        "addr:street:name": "59th",
        "addr:street:prefix": "West",
        "addr:street:type": "Street",
        "name": "Midway",
        "network": "CTA",
        "network:wikidata": "Q117309",
        "operator": "Chicago Transit Authority",
        "platforms": "2",
        "public_transport": "station",
        "railway": "station",
        "station": "subway",
        "subway": "yes",
        "website": "https://www.transitchicago.com/station/mdw/",
        "wikidata": "Q1588368"
      },
      "geometry": {
        "type": "Point",
        "coordinates": [
          -87.7380116,
          41.7867195
        ]
      },
      "id": "node/7758297007"
    },
    {
      "type": "Feature",
      "properties": {
        "@id": "node/7758309686",
        "addr:city": "Chicago",
        "addr:housenumber": "1713",
        "addr:postcode": "60612",
        "addr:state": "IL",
        "addr:street": "West Polk Street",
        "addr:street:name": "Polk",
        "addr:street:prefix": "West",
        "addr:street:type": "Street",
        "name": "Polk",
        "network": "CTA",
        "network:wikidata": "Q117309",
        "operator": "Chicago Transit Authority",
        "platforms": "2",
        "public_transport": "station",
        "railway": "station",
        "station": "subway",
        "subway": "yes",
        "website": "https://www.transitchicago.com/station/polk/",
        "wheelchair": "yes",
        "wikidata": "Q3395304",
        "wikipedia": "en:Polk station"
      },
      "geometry": {
        "type": "Point",
        "coordinates": [
          -87.6695728,
          41.8713869
        ]
      },
      "id": "node/7758309686"
    },
    {
      "type": "Feature",
      "properties": {
        "@id": "node/7758309687",
        "addr:city": "Chicago",
        "addr:housenumber": "430",
        "addr:postcode": "60612",
        "addr:state": "IL",
        "addr:street": "South Western Avenue",
        "addr:street:name": "Western",
        "addr:street:prefix": "South",
        "addr:street:type": "Avenue",
        "name": "Western",
        "network": "CTA",
        "network:wikidata": "Q117309",
        "opening_hours": "24/7",
        "operator": "Chicago Transit Authority",
        "platforms": "1",
        "public_transport": "station",
        "railway": "station",
        "station": "subway",
        "subway": "yes",
        "website": "https://www.transitchicago.com/station/wesf/",
        "wheelchair": "no",
        "wikidata": "Q3567480",
        "wikipedia": "en:Western station (CTA Blue Line Forest Park branch)"
      },
      "geometry": {
        "type": "Point",
        "coordinates": [
          -87.6886187,
          41.8755235
        ]
      },
      "id": "node/7758309687"
    },
    {
      "type": "Feature",
      "properties": {
        "@id": "node/7758311739",
        "addr:city": "Chicago",
        "addr:housenumber": "2010",
        "addr:postcode": "60608",
        "addr:state": "IL",
        "addr:street": "South Damen Avenue",
        "name": "Damen",
        "network": "CTA",
        "network:wikidata": "Q117309",
        "old_name": "Hoyne",
        "operator": "Chicago Transit Authority",
        "platforms": "1",
        "public_transport": "station",
        "railway": "station",
        "station": "subway",
        "subway": "yes",
        "website": "https://www.transitchicago.com/station/dmpk/",
        "wheelchair": "yes",
        "wikidata": "Q2888781",
        "wikipedia": "en:Damen station (CTA Pink Line)"
      },
      "geometry": {
        "type": "Point",
        "coordinates": [
          -87.6768033,
          41.8544975
        ]
      },
      "id": "node/7758311739"
    },
    {
      "type": "Feature",
      "properties": {
        "@id": "node/7758311740",
        "addr:city": "Chicago",
        "addr:housenumber": "2009",
        "addr:postcode": "60608",
        "addr:state": "IL",
        "addr:street": "South Western Avenue",
        "addr:street:name": "Western",
        "addr:street:prefix": "South",
        "addr:street:type": "Avenue",
        "name": "Western",
        "network": "CTA",
        "network:wikidata": "Q117309",
        "operator": "Chicago Transit Authority",
        "platforms": "1",
        "public_transport": "station",
        "railway": "station",
        "station": "subway",
        "subway": "yes",
        "website": "https://www.transitchicago.com/station/wesp/",
        "wheelchair": "yes",
        "wikidata": "Q3567471",
        "wikipedia": "en:Western station (CTA Pink Line)"
      },
      "geometry": {
        "type": "Point",
        "coordinates": [
          -87.684898,
          41.8543704
        ]
      },
      "id": "node/7758311740"
    },
    {
      "type": "Feature",
      "properties": {
        "@id": "node/7758311741",
        "addr:city": "Chicago",
        "addr:housenumber": "2011",
        "addr:postcode": "60623",
        "addr:state": "IL",
        "addr:street": "South California Avenue",
        "addr:street:name": "California",
        "addr:street:prefix": "South",
        "addr:street:type": "Avenue",
        "name": "California",
        "network": "CTA",
        "network:wikidata": "Q117309",
        "operator": "Chicago Transit Authority",
        "platforms": "1",
        "public_transport": "station",
        "railway": "station",
        "station": "subway",
        "subway": "yes",
        "website": "https://www.transitchicago.com/station/calp/",
        "wheelchair": "yes",
        "wikidata": "Q2933966",
        "wikipedia": "en:California station (CTA Pink Line)"
      },
      "geometry": {
        "type": "Point",
        "coordinates": [
          -87.6947406,
          41.8542933
        ]
      },
      "id": "node/7758311741"
    },
    {
      "type": "Feature",
      "properties": {
        "@id": "node/7758311742",
        "addr:city": "Chicago",
        "addr:housenumber": "1915",
        "addr:postcode": "60623",
        "addr:state": "IL",
        "addr:street": "South Central Park Avenue",
        "addr:street:name": "Central Park",
        "addr:street:prefix": "South",
        "addr:street:type": "Avenue",
        "name": "Central Park",
        "network": "CTA",
        "network:wikidata": "Q117309",
        "operator": "Chicago Transit Authority",
        "platforms": "1",
        "public_transport": "station",
        "railway": "station",
        "station": "subway",
        "subway": "yes",
        "website": "https://www.transitchicago.com/station/cnpk/",
        "wheelchair": "yes",
        "wikidata": "Q2892844",
        "wikipedia": "en:Central Park station (CTA)"
      },
      "geometry": {
        "type": "Point",
        "coordinates": [
          -87.714946,
          41.8540073
        ]
      },
      "id": "node/7758311742"
    },
    {
      "type": "Feature",
      "properties": {
        "@id": "node/7758311743",
        "addr:city": "Chicago",
        "addr:housenumber": "2021",
        "addr:postcode": "60623",
        "addr:state": "IL",
        "addr:street": "South Pulaski Road",
        "name": "Pulaski",
        "network": "CTA",
        "network:wikidata": "Q117309",
        "operator": "Chicago Transit Authority",
        "platforms": "1",
        "public_transport": "station",
        "railway": "station",
        "station": "subway",
        "subway": "yes",
        "website": "https://www.transitchicago.com/station/pulp/",
        "wheelchair": "yes",
        "wikidata": "Q3410724",
        "wikipedia": "en:Pulaski station (CTA Pink Line)"
      },
      "geometry": {
        "type": "Point",
        "coordinates": [
          -87.724371,
          41.8538497
        ]
      },
      "id": "node/7758311743"
    },
    {
      "type": "Feature",
      "properties": {
        "@id": "node/7758311744",
        "addr:city": "Chicago",
        "addr:housenumber": "2019",
        "addr:postcode": "60623",
        "addr:state": "IL",
        "addr:street": "South Kostner Avenue",
        "name": "Kostner",
        "network": "CTA",
        "network:wikidata": "Q117309",
        "old_name": "Kildare",
        "operator": "Chicago Transit Authority",
        "platforms": "1",
        "public_transport": "station",
        "railway": "station",
        "station": "subway",
        "subway": "yes",
        "website": "https://www.transitchicago.com/station/kost/",
        "wheelchair": "yes",
        "wikidata": "Q3199118",
        "wikipedia": "en:Kostner station (CTA Pink Line)"
      },
      "geometry": {
        "type": "Point",
        "coordinates": [
          -87.7331954,
          41.8537498
        ]
      },
      "id": "node/7758311744"
    },
    {
      "type": "Feature",
      "properties": {
        "@id": "node/7758315714",
        "addr:city": "Chicago",
        "addr:housenumber": "1200",
        "addr:postcode": "60626",
        "addr:state": "IL",
        "addr:street": "West Loyola Avenue",
        "addr:street:name": "Loyola",
        "addr:street:prefix": "West",
        "addr:street:type": "Avenue",
        "name": "Loyola",
        "network": "CTA",
        "network:wikidata": "Q117309",
        "old_name": "Hayes Avenue",
        "opening_hours": "24/7",
        "operator": "Chicago Transit Authority",
        "platforms": "2",
        "public_transport": "station",
        "railway": "station",
        "station": "subway",
        "subway": "yes",
        "website": "https://www.transitchicago.com/station/loyo/",
        "wheelchair": "yes",
        "wikidata": "Q3264446",
        "wikipedia": "en:Loyola station"
      },
      "geometry": {
        "type": "Point",
        "coordinates": [
          -87.6610381,
          42.0011253
        ]
      },
      "id": "node/7758315714"
    },
    {
      "type": "Feature",
      "properties": {
        "@id": "node/7758320415",
        "addr:city": "Chicago",
        "addr:housenumber": "351",
        "addr:postcode": "60644",
        "addr:state": "IL",
        "addr:street": "North Austin Boulevard",
        "name": "Austin",
        "network": "CTA",
        "network:wikidata": "Q117309",
        "operator": "Chicago Transit Authority",
        "platforms": "1",
        "public_transport": "station",
        "railway": "station",
        "station": "subway",
        "subway": "yes",
        "website": "https://www.transitchicago.com/station/ausg/",
        "wheelchair": "no",
        "wikidata": "Q2872107",
        "wikipedia": "en:Austin station (CTA Green Line)"
      },
      "geometry": {
        "type": "Point",
        "coordinates": [
          -87.7743606,
          41.8873138
        ]
      },
      "id": "node/7758320415"
    },
    {
      "type": "Feature",
      "properties": {
        "@id": "node/7758320416",
        "addr:city": "Chicago",
        "addr:housenumber": "350",
        "addr:postcode": "60644",
        "addr:state": "IL",
        "addr:street": "North Central Avenue",
        "name": "Central",
        "network": "CTA",
        "network:wikidata": "Q117309",
        "operator": "Chicago Transit Authority",
        "platforms": "1",
        "public_transport": "station",
        "railway": "station",
        "station": "subway",
        "subway": "yes",
        "website": "https://www.transitchicago.com/station/ceng/",
        "wheelchair": "yes",
        "wikidata": "Q2944388",
        "wikipedia": "en:Central station (CTA Green Line)"
      },
      "geometry": {
        "type": "Point",
        "coordinates": [
          -87.7655456,
          41.8874269
        ]
      },
      "id": "node/7758320416"
    },
    {
      "type": "Feature",
      "properties": {
        "@id": "node/7758320417",
        "addr:city": "Chicago",
        "addr:housenumber": "3411",
        "addr:postcode": "60657",
        "addr:state": "IL",
        "addr:street": "North Southport Avenue",
        "addr:street:name": "Southport",
        "addr:street:prefix": "North",
        "addr:street:type": "Avenue",
        "name": "Southport",
        "network": "CTA",
        "network:wikidata": "Q117309",
        "operator": "Chicago Transit Authority",
        "platforms": "2",
        "public_transport": "station",
        "railway": "station",
        "station": "subway",
        "subway": "yes",
        "website": "https://www.transitchicago.com/station/sprt/",
        "wheelchair": "yes",
        "wikidata": "Q3492341",
        "wikipedia": "en:Southport station (CTA)"
      },
      "geometry": {
        "type": "Point",
        "coordinates": [
          -87.6636284,
          41.9438271
        ]
      },
      "id": "node/7758320417"
    },
    {
      "type": "Feature",
      "properties": {
        "@id": "node/7758320418",
        "addr:city": "Chicago",
        "addr:housenumber": "941",
        "addr:postcode": "60657",
        "addr:state": "IL",
        "addr:street": "West Wellington Avenue",
        "addr:street:name": "Wellington",
        "addr:street:prefix": "West",
        "addr:street:type": "Avenue",
        "name": "Wellington",
        "network": "CTA",
        "network:wikidata": "Q117309",
        "operator": "Chicago Transit Authority",
        "platforms": "2",
        "public_transport": "station",
        "railway": "station",
        "station": "subway",
        "subway": "yes",
        "website": "https://www.transitchicago.com/station/well/",
        "wheelchair": "yes",
        "wikidata": "Q3567177",
        "wikipedia": "en:Wellington station (CTA)"
      },
      "geometry": {
        "type": "Point",
        "coordinates": [
          -87.6532711,
          41.9364321
        ]
      },
      "id": "node/7758320418"
    },
    {
      "type": "Feature",
      "properties": {
        "@id": "node/7758320419",
        "addr:city": "Chicago",
        "addr:housenumber": "943",
        "addr:postcode": "60614",
        "addr:state": "IL",
        "addr:street": "West Diversey Parkway",
        "addr:street:name": "Diversey",
        "addr:street:prefix": "West",
        "addr:street:type": "Parkway",
        "name": "Diversey",
        "network": "CTA",
        "network:wikidata": "Q117309",
        "operator": "Chicago Transit Authority",
        "platforms": "2",
        "public_transport": "station",
        "railway": "station",
        "station": "subway",
        "subway": "yes",
        "website": "https://www.transitchicago.com/station/divr/",
        "wheelchair": "yes",
        "wikidata": "Q3032235",
        "wikipedia": "en:Diversey station"
      },
      "geometry": {
        "type": "Point",
        "coordinates": [
          -87.6531259,
          41.9325905
        ]
      },
      "id": "node/7758320419"
    },
    {
      "type": "Feature",
      "properties": {
        "@id": "node/7758336878",
        "addr:city": "Chicago",
        "addr:housenumber": "1818",
        "addr:postcode": "60613",
        "addr:state": "IL",
        "addr:street": "West Addison Street",
        "name": "Addison",
        "network": "CTA",
        "network:wikidata": "Q117309",
        "operator": "Chicago Transit Authority",
        "platforms": "2",
        "public_transport": "station",
        "railway": "station",
        "station": "subway",
        "subway": "yes",
        "website": "https://www.transitchicago.com/station/adbr/",
        "wheelchair": "yes",
        "wikidata": "Q2824153",
        "wikipedia": "en:Addison station (CTA Brown Line)"
      },
      "geometry": {
        "type": "Point",
        "coordinates": [
          -87.674738,
          41.9472514
        ]
      },
      "id": "node/7758336878"
    },
    {
      "type": "Feature",
      "properties": {
        "@id": "node/7758336879",
        "addr:city": "Chicago",
        "addr:housenumber": "1816",
        "addr:postcode": "60613",
        "addr:state": "IL",
        "addr:street": "West Irving Park Road",
        "name": "Irving Park",
        "network": "CTA",
        "network:wikidata": "Q117309",
        "operator": "Chicago Transit Authority",
        "platforms": "2",
        "public_transport": "station",
        "railway": "station",
        "station": "subway",
        "subway": "yes",
        "website": "https://www.transitchicago.com/station/irvb/",
        "wheelchair": "yes",
        "wikidata": "Q3154616",
        "wikipedia": "en:Irving Park station (CTA Brown Line)"
      },
      "geometry": {
        "type": "Point",
        "coordinates": [
          -87.6749419,
          41.9541425
        ]
      },
      "id": "node/7758336879"
    },
    {
      "type": "Feature",
      "properties": {
        "@id": "node/7758336880",
        "addr:city": "Chicago",
        "addr:housenumber": "1817",
        "addr:postcode": "60613",
        "addr:state": "IL",
        "addr:street": "West Montrose Avenue",
        "name": "Montrose",
        "network": "CTA",
        "network:wikidata": "Q117309",
        "operator": "Chicago Transit Authority",
        "platforms": "2",
        "public_transport": "station",
        "railway": "station",
        "station": "subway",
        "subway": "yes",
        "website": "https://www.transitchicago.com/station/mont/",
        "wheelchair": "yes",
        "wikidata": "Q3322962",
        "wikipedia": "en:Montrose station (CTA Brown Line)"
      },
      "geometry": {
        "type": "Point",
        "coordinates": [
          -87.6751545,
          41.9615607
        ]
      },
      "id": "node/7758336880"
    },
    {
      "type": "Feature",
      "properties": {
        "@id": "node/7758336881",
        "addr:city": "Chicago",
        "addr:housenumber": "4645",
        "addr:postcode": "60640",
        "addr:state": "IL",
        "addr:street": "North Damen Avenue",
        "name": "Damen",
        "network": "CTA",
        "network:wikidata": "Q117309",
        "operator": "Chicago Transit Authority",
        "platforms": "2",
        "public_transport": "station",
        "railway": "station",
        "station": "subway",
        "subway": "yes",
        "website": "https://www.transitchicago.com/station/dmnb/",
        "wheelchair": "yes",
        "wikidata": "Q3012678",
        "wikipedia": "en:Damen station (CTA Brown Line)"
      },
      "geometry": {
        "type": "Point",
        "coordinates": [
          -87.6791538,
          41.9664003
        ]
      },
      "id": "node/7758336881"
    },
    {
      "type": "Feature",
      "properties": {
        "@id": "node/7758428036",
        "addr:city": "Chicago",
        "addr:housenumber": "1599",
        "addr:postcode": "60642",
        "addr:street": "North Clybourn Avenue",
        "addr:street:name": "Clybourn",
        "addr:street:prefix": "North",
        "addr:street:type": "Avenue",
        "level": "-1",
        "name": "North/Clybourn",
        "network": "CTA",
        "network:wikidata": "Q117309",
        "opening_hours": "24/7",
        "operator": "Chicago Transit Authority",
        "platforms": "2",
        "public_transport": "station",
        "railway": "station",
        "station": "subway",
        "subway": "yes",
        "website": "https://www.transitchicago.com/station/ncly",
        "wheelchair": "no",
        "wikidata": "Q3344077",
        "wikipedia": "en:North/Clybourn station"
      },
      "geometry": {
        "type": "Point",
        "coordinates": [
          -87.6490089,
          41.9105593
        ]
      },
      "id": "node/7758428036"
    },
    {
      "type": "Feature",
      "properties": {
        "@id": "node/7758428037",
        "addr:city": "Chicago",
        "addr:housenumber": "1536",
        "addr:postcode": "60610",
        "addr:state": "IL",
        "addr:street": "North Sedgwick Street",
        "name": "Sedgwick",
        "network": "CTA",
        "network:wikidata": "Q117309",
        "operator": "Chicago Transit Authority",
        "platforms": "2",
        "public_transport": "station",
        "railway": "station",
        "station": "subway",
        "subway": "yes",
        "website": "https://www.transitchicago.com/station/sedg/",
        "wheelchair": "yes",
        "wikidata": "Q3477613",
        "wikipedia": "en:Sedgwick station (CTA)"
      },
      "geometry": {
        "type": "Point",
        "coordinates": [
          -87.6387688,
          41.9104099
        ]
      },
      "id": "node/7758428037"
    },
    {
      "type": "Feature",
      "properties": {
        "@id": "node/8018718986",
        "addr:city": "Chicago",
        "addr:housenumber": "15",
        "addr:postcode": "60628",
        "addr:state": "IL",
        "addr:street": "West 95th Street",
        "alt_name": "95th",
        "name": "95th/Dan Ryan",
        "network": "CTA",
        "network:wikidata": "Q117309",
        "opening_hours": "24/7",
        "operator": "Chicago Transit Authority",
        "public_transport": "station",
        "railway": "station",
        "station": "subway",
        "subway": "yes",
        "website": "https://www.transitchicago.com/station/95th/",
        "wikidata": "Q2818719",
        "wikipedia": "en:95th/Dan Ryan station"
      },
      "geometry": {
        "type": "Point",
        "coordinates": [
          -87.6244014,
          41.7223861
        ]
      },
      "id": "node/8018718986"
    },
    {
      "type": "Feature",
      "properties": {
        "@id": "node/12093932127",
        "addr:city": "Chicago",
        "addr:housenumber": "154",
        "addr:postcode": "60612",
        "addr:state": "IL",
        "addr:street": "North Damen Avenue",
        "name": "Damen",
        "network": "CTA",
        "network:wikidata": "Q117309",
        "note": "Waiting for updated aerial imagery to map platforms and station house",
        "operator": "Chicago Transit Authority",
        "public_transport": "station",
        "railway": "station",
        "start_date": "2024-08-05",
        "station": "subway",
        "subway": "yes",
        "website": "https://www.transitchicago.com/station/dmgr/",
        "wheelchair": "yes",
        "wikidata": "Q30599018",
        "wikipedia": "en:Damen station (CTA Green Line)"
      },
      "geometry": {
        "type": "Point",
        "coordinates": [
          -87.6770882,
          41.884976
        ]
      },
      "id": "node/12093932127"
    }
  ]
}